claim_amount_chf,days_since_policy_start,prior_claims_count,documentation_completeness_score,canton_risk_index,is_high_risk
930.0,553,1,0.3869299539060668,0.9653678096578695,1
211.88,801,0,0.80705561695937,0.37512704811018815,0
1518.53,731,0,0.5932907159960988,0.08797027599382479,0
1871.74,1180,1,0.3211047098239816,0.04765230386150865,0
77.78,783,1,0.7700815800756283,0.8334452343920059,0
158.79,2157,2,0.4712403320573595,0.38349062260755307,0
765.57,542,2,0.7483948617953065,0.8602737888398567,1
469.72,2269,0,0.9261844261865526,0.4587351898885439,0
652.96,1220,1,0.7711419855813892,0.011173603200106963,0
260.25,2506,0,0.7777817268828712,0.5286484062691404,0
1749.94,1872,0,0.7253519269273861,0.5945461873811996,0
1564.89,3304,1,0.7468793270449348,0.45150887552853436,0
715.25,1606,1,0.7107286251985615,0.838034278705194,0
2298.39,1077,0,0.8729844408864338,0.6440081587340292,0
1112.38,2150,1,0.7878001926627111,0.36473923633451977,0
258.47,2404,0,0.6772896765876788,0.7190023880369281,0
997.87,1603,0,0.7807800563255268,0.3196134369203022,0
231.65,2043,1,0.56301469861605,0.8385476353408735,0
1748.12,1719,0,0.8961290485121274,0.2801037046715166,0
629.6,1117,0,0.39485203474370134,0.6666110787636046,0
542.75,1145,0,0.7770371812684046,0.4150920424672335,0
314.5,3312,0,0.6976891842012078,0.10118327594656584,0
2552.42,2465,0,0.8386057152907344,0.6297047642140985,0
561.17,349,0,0.6907698055167288,0.3830538057844064,0
415.23,3511,0,0.46703046358403677,0.6342633980088629,0
451.54,2599,1,0.7071535766071966,0.5399035799116874,0
1194.57,184,0,0.6152809096686712,0.041595124893779256,0
994.25,2657,0,0.8045051723380382,0.20497828334174084,0
1047.34,2152,0,0.8095149179792043,0.70042108267938,0
1068.38,3341,1,0.6528686684630294,0.4676558366632191,1
7015.04,1786,0,0.8090961613677332,0.46646941132342445,1
425.36,1893,0,0.9030381239925211,0.0023986001913645083,0
378.62,1149,0,0.5046729081928071,0.30279819729393687,0
271.74,1174,0,0.9058272466499766,0.6694659632043591,0
1309.73,2255,0,0.8658562096069492,0.8869880889996629,0
2302.77,3021,1,0.6999203580261839,0.5740070650405987,0
586.78,3251,1,0.7321449946684069,0.5406453082809564,0
263.97,2813,0,0.6569843433467861,0.4703147638490268,0
268.56,2226,2,0.6399324888588159,0.678481123889816,0
1360.56,1826,1,0.8117912139325062,0.798131162056888,0
1506.55,1240,0,0.5271963361289606,0.22068371741537218,1
1208.9,2802,0,0.46253223707871427,0.7139764169307188,1
319.88,1161,0,0.8714756336115421,0.243854801255871,0
858.66,978,0,0.6803484363086978,0.03179229969678765,0
756.24,3167,0,0.6762709216889055,0.07467988019100957,0
846.03,2152,0,0.9832625128753828,0.04654153059819277,0
1734.67,1293,2,0.9096866352231529,0.2801735563093354,1
850.61,3158,0,0.8615620652265207,0.12717330077582778,1
1403.61,3513,1,0.8898739665636619,0.08520404596587605,0
716.47,1161,1,0.6994416946101953,0.14758719081210547,0
914.18,1903,0,0.6912983639632538,0.038198302274020546,0
1331.97,1765,0,0.5053951582378776,0.3435516543176349,0
133.9,2561,2,0.9757177392389922,0.8228160087989337,0
467.95,3471,0,0.9227927939503563,0.5537785834776362,0
396.47,2002,0,0.6366467603207508,0.06496661978273588,0
329.39,2913,0,0.960187137380584,0.3749232802059558,0
491.44,2174,2,0.6263666699201371,0.42983468222601373,1
3444.16,3237,0,0.7803191029344128,0.1724114368826134,0
256.62,1477,0,0.6754338787841627,0.37301187788603096,0
1929.67,1406,0,0.2992903991611541,0.3367550321837147,0
104.46,1542,0,0.6877574628308313,0.49380835163675196,0
460.18,3637,1,0.6401234138001457,0.6972921568436483,0
795.55,2232,0,0.7959880812637138,0.47883695588556907,0
1267.55,557,1,0.8897748502600135,0.07395405114053433,0
1454.4,150,0,0.9125970334488428,0.05522870589016149,0
1591.9,1893,1,0.44062207348216903,0.8879594310665924,1
453.23,2940,1,0.6807836550537008,0.6947640634116726,1
399.98,1749,0,0.561861202959011,0.6571792571976823,0
1709.19,2045,0,0.7464303162647992,0.9132012771869404,0
538.92,2914,0,0.937212089268321,0.5415058641438435,0
163.49,1885,0,0.8908880843948415,0.07372331281340994,0
191.21,3316,1,0.2807288835228879,0.7143847214026764,1
241.92,2328,0,0.9058661526570362,0.16227227137325584,0
1149.26,2668,1,0.6250637923480641,0.6661945232517502,0
777.95,2852,0,0.8188893263634134,0.40070767785903694,0
1421.59,2288,1,0.799537751056761,0.028225809107588762,0
415.72,183,0,0.56170771229358,0.05552956186023339,1
791.87,1560,1,0.8912499828012129,0.39263389365669865,0
1323.65,517,0,0.8277148566053782,0.5945431292563073,0
473.29,1863,0,0.7360227096767413,0.17089721227634425,0
1099.33,523,1,0.7064549461005226,0.10674988213579517,0
321.14,1859,1,0.6047344065525099,0.37623042208141977,0
446.14,1255,1,0.8028842882394428,0.8041807285299888,1
437.07,75,0,0.45099779671246126,0.7840055183467136,0
178.5,456,0,0.6822936128785998,0.6841401293327246,0
1136.46,1836,1,0.7444829792561386,0.42535681200845454,0
396.89,288,0,0.7679070606937785,0.44193760041772734,0
674.35,3124,0,0.7932628618435198,0.22594386306736214,0
1128.7,2769,0,0.6037004273791214,0.13714250093915026,0
1087.01,2589,1,0.7518035453876646,0.015840790796956772,1
1382.88,629,0,0.7473619590002953,0.8601500411540478,0
596.85,2904,0,0.6010131004691673,0.4961846113114965,0
417.54,2316,0,0.3664859418070064,0.003042982624871793,0
609.3,1425,0,0.7169002979511473,0.5291734048329845,0
103.95,2,0,0.3615804648692212,0.2583239025769649,1
135.39,1931,0,0.8067267651625413,0.42736264611426356,0
155.25,2905,1,0.5273448733138977,0.6724110600527531,0
222.08,123,1,0.7856391600572852,0.8097442254422943,0
1032.51,193,0,0.7827239130673053,0.7004817974020016,0
245.67,1398,0,0.9114009259739323,0.8962986382104764,0
438.79,1867,0,0.8072088477293317,0.23474614121958715,0
2777.07,1732,2,0.65289696368313,0.6613851460624768,1
449.49,1556,1,0.5737508285099315,0.8898312706569863,0
1497.07,932,0,0.7314253681394416,0.30849991439745994,0
238.18,219,1,0.9475164442086962,0.7994516049472776,1
530.61,114,0,0.8970265177536686,0.9402155699387424,0
233.92,361,3,0.9718234040848421,0.6438768807393204,0
458.09,2520,1,0.7761450059764375,0.1642645618451548,0
1676.29,2869,0,0.5499005169417609,0.26086017109885073,0
99.48,1588,0,0.6797503681623757,0.6799802463775639,0
1072.63,283,2,0.830350352050511,0.866175415044932,1
863.95,1517,0,0.8230524514534374,0.023756688269477966,0
346.0,3597,0,0.5134665598757719,0.3263313696697814,0
135.55,913,0,0.9018485959966742,0.2335699383724712,0
720.07,1793,1,0.6178310249007016,0.422061017477132,0
371.5,1963,0,0.7310978484012376,0.7684777848676511,0
859.15,1204,1,0.8588430706795528,0.5028055030582487,0
681.32,1599,1,0.7667090775474126,0.5182907279179014,0
3873.67,1722,1,0.7246286930754947,0.6090259403981422,1
511.17,1730,0,0.507826178366244,0.5156737270849425,0
215.76,2619,0,0.8577096997288499,0.6882613401295826,0
810.14,2120,0,0.6872157599318474,0.10703735355228738,0
847.25,195,1,0.6845058933252041,0.02280115118570958,0
2966.41,24,0,0.7139805989739663,0.8267899093225144,1
1666.74,1499,1,0.5970289354828999,0.47890790391272176,1
984.92,3313,1,0.7242708311400102,0.29847379263254403,0
3326.36,135,0,0.9254894814254521,0.4543051591896341,0
179.89,260,1,0.7844022613734112,0.6500915723487172,0
329.07,2479,0,0.7416771683848835,0.12170289106024468,0
240.03,1646,0,0.8039234562671785,0.5236115011853198,0
433.2,842,1,0.7335229189151368,0.11070814707459775,1
146.3,757,0,0.9345601925509278,0.8595693603414871,0
1337.65,2427,1,0.8231229864213644,0.5623839093805848,0
520.9,1912,3,0.33983480731961246,0.8108596195352823,1
131.91,2329,1,0.9611669508086073,0.7210054221900328,0
217.64,1023,2,0.7599397825887607,0.8152556145352909,0
939.05,1921,0,0.47365585225922285,0.3418074031435775,0
1672.27,3139,1,0.2499993786214054,0.1394625825924325,1
5981.36,1156,0,0.4581284441191314,0.8916048203913849,1
16403.48,1447,0,0.7773772184025624,0.8846395661035633,1
1049.27,598,0,0.5671909478891329,0.883272851784043,0
223.97,2331,1,0.964312832403567,0.9892717516063976,1
63.74,119,2,0.86825967587037,0.5961674995318862,1
892.91,909,1,0.778790149970036,0.5124965327104765,0
271.99,2602,2,0.7138674026642047,0.7973309730994749,1
421.2,71,1,0.4094327596176118,0.11013451762064985,0
339.24,3610,0,0.761719916994487,0.783047065508204,0
569.71,1475,1,0.7850450215307354,0.8122258258554272,0
2148.61,1455,1,0.7361660037715113,0.5771920058884484,0
790.57,1958,0,0.8748078839219241,0.38791980849303986,0
558.64,2333,1,0.5642968570584828,0.6562270650485096,1
212.89,1677,1,0.48287496183601636,0.915017684597958,1
105.41,3227,1,0.31153561745215375,0.15796434861242348,0
389.58,3511,0,0.8138566223617857,0.311102791148968,0
626.93,732,0,0.7152087929887223,0.6714204510638754,0
4650.47,2580,0,0.9132356788935745,0.8332170956268292,0
767.63,1099,1,0.9020433877104028,0.6520690688190834,0
1960.61,3634,0,0.7541617088347545,0.5908425062841929,0
384.05,925,1,0.8388766470965899,0.08574119939100011,0
180.65,1077,0,0.612249340356796,0.4337165794892839,0
230.07,2607,0,0.8327695363538664,0.8901746987777253,0
299.54,2880,0,0.40828468324765044,0.3616406528918126,0
6914.09,470,3,0.9561499533515672,0.3810055955349474,1
269.47,2028,0,0.975577369204127,0.3575574850485048,0
1672.94,1262,0,0.7773915092347154,0.36274853654971084,0
246.36,2233,2,0.7764304885122288,0.4047587795152926,0
1853.31,2032,0,0.5735496411444194,0.7733642222093176,0
1015.81,3598,1,0.7915863045860965,0.45506275679589414,0
559.87,3407,2,0.8044105234495748,0.6070856396349011,0
635.98,2387,0,0.6875265932640242,0.4424203065922464,0
323.67,2480,0,0.8686745866052203,0.8738341047385708,0
1086.46,3280,0,0.9546652597997864,0.17874921782122688,0
403.23,670,1,0.6529546482896155,0.12290236657318077,0
172.75,2649,0,0.7316249775801228,0.4077260720888526,0
163.08,2818,0,0.9388439801349467,0.9742876780708516,0
804.2,465,1,0.3897705444861454,0.69979636877378,0
3778.19,3216,0,0.8531677522165407,0.6162698538161636,0
793.13,2553,1,0.855040261417348,0.39033456539778466,0
583.76,1267,0,0.8227535804409993,0.29515196851931025,0
910.88,1768,0,0.7681564807209251,0.9565780624348765,0
2797.84,1787,1,0.7966729211117223,0.42691958941682584,0
846.68,3353,1,0.5841765620060637,0.7110849421065708,0
423.26,3537,2,0.7761203530147462,0.8104381441712937,0
2246.03,2945,0,0.8337490509816462,0.6575229214809554,0
1065.96,2380,0,0.7108639724902879,0.23260579173497997,0
3602.31,380,1,0.7273170176890417,0.2879836964942507,1
813.67,3339,0,0.8344356363982497,0.02298288879287802,0
172.96,489,2,0.9710124403325544,0.969378560536396,1
147.68,609,1,0.9404345518755377,0.8346529998741743,0
4088.86,255,1,0.960917252585689,0.40401153925894173,1
4429.46,3459,0,0.6620376940286417,0.8924208185930598,1
545.95,1800,1,0.754847815281837,0.1536803719984453,0
436.37,862,0,0.48003888376216347,0.042037750126365236,0
3319.56,295,1,0.6496440868968286,0.13529328949922115,0
196.81,1504,0,0.7933028552536424,0.8834193453075743,0
248.59,2641,1,0.8360269436160616,0.16049076033531307,0
1349.73,3630,1,0.616699015755875,0.0681262752424211,0
430.93,2016,1,0.62984231327358,0.1855468782182117,0
661.4,2216,0,0.7852973678058446,0.4150625242364254,0
555.69,3051,0,0.6768757784472546,0.4964311878082268,0
964.23,3291,0,0.6047290687577226,0.2359171321962057,0
3128.25,1021,0,0.8356963646609614,0.8057167407562625,0
734.83,3620,0,0.7615940192764202,0.9598444283748925,0
1350.64,1895,2,0.7440286234333118,0.29083615830398435,0
69.74,3395,1,0.8603597662515349,0.931087605525937,0
630.43,429,0,0.5928622975947586,0.8179194784744426,0
263.08,356,1,0.688393536093572,0.8860202755826484,0
174.04,3228,1,0.6943968601044529,0.05969876765882198,0
253.16,2455,0,0.9154100179211586,0.8340419296703991,1
460.57,639,0,0.5882678620313414,0.5859250902506716,0
1821.64,3266,0,0.8558806517598513,0.03825858244083491,0
154.62,374,2,0.6768324720067215,0.7536503951729974,1
687.94,2490,0,0.9413607861282952,0.24171508854991286,0
390.49,749,1,0.5588193908202279,0.797075713639639,1
463.85,258,0,0.7525753649399064,0.625989139333093,0
2004.27,2942,0,0.5760179204742165,0.4923317709115681,0
1202.22,3093,0,0.9207503669807516,0.023383495410180477,0
2896.15,387,0,0.4112599580222522,0.8896747318008217,0
561.18,340,0,0.9347097783012907,0.14756437704384295,0
309.35,2243,0,0.7242986036262554,0.8296948496496513,0
519.96,105,0,0.7871050056213778,0.6881625191650717,0
868.48,2723,0,0.6817951744942216,0.06957272820423421,0
807.73,3342,0,0.36700928506821534,0.5422150995726704,0
201.78,2741,2,0.6977384920832446,0.9617537660159873,0
734.76,842,0,0.77413102169232,0.9228088438290665,0
854.96,694,0,0.39509117459550236,0.14629836874914637,0
10606.49,2484,1,0.8420913418450711,0.1731834248897195,1
5242.37,225,0,0.9329925548170248,0.1536341087785169,0
260.2,1963,3,0.9084658548603828,0.7561744738911372,1
484.87,1638,0,0.4477953820041741,0.16075393928376014,0
132.98,2718,1,0.6401289315589987,0.06458147177160745,0
347.31,739,1,0.7834238755413433,0.39033212468778067,0
941.21,2782,0,0.7832392857430261,0.9668894231586056,0
2505.99,2552,0,0.7562951794680732,0.3082598723574368,0
298.27,872,0,0.41906950850920865,0.7242360428136924,0
323.9,1302,0,0.639895222145794,0.143961078333109,0
62.68,241,1,0.5561547267110868,0.621145871333021,1
556.17,1640,0,0.24062925243675054,0.5811659424370939,1
206.72,951,1,0.886430153248097,0.9041731726202222,0
371.53,415,1,0.6358767885570812,0.716557196780965,0
253.52,2044,1,0.9477286275440326,0.12078478812183269,0
599.63,2071,0,0.9066390411046397,0.4047999288079339,0
96.21,314,1,0.6603135329986347,0.0005563657678340217,0
132.46,677,0,0.8272383151993691,0.24099687002314096,0
6920.01,302,3,0.706371746806409,0.9713260954146153,1
161.39,2478,2,0.5255265072950218,0.45574145668564947,0
199.05,1234,0,0.8077204676761489,0.8675776382445213,0
5017.09,260,0,0.702396284063514,0.023729029710513494,0
16245.54,699,1,0.78203327239217,0.8800578400597763,1
183.33,3562,0,0.5711439669148315,0.8893960609265731,0
443.6,934,0,0.35850798541129475,0.6534326088092274,0
968.46,2498,1,0.791380010375725,0.1162509051180467,0
4454.04,1710,4,0.7771912506909376,0.8760160788968959,1
224.63,664,1,0.7198395667598548,0.8998638977792531,1
507.85,1122,1,0.8868654970194274,0.20104669597234037,0
1564.11,52,2,0.8343717683969314,0.9401636679792469,1
1073.03,2726,1,0.42896633049138927,0.8810415122486017,1
439.76,1221,0,0.6281964740602152,0.20487644376282144,0
574.09,1822,0,0.5326169503871495,0.3938207220068948,0
146.59,558,0,0.417323376577189,0.33667879523476063,1
511.84,3008,1,0.5933376012905186,0.498226392123734,0
496.2,797,0,0.8264881389212428,0.8890002820395546,0
858.67,2067,1,0.42757528795657973,0.8743473563827973,0
361.09,3185,1,0.9709892921850629,0.1756727262891815,0
1117.32,2603,1,0.5534920146001872,0.5511328322855326,1
2026.34,2202,1,0.7311362637481349,0.5340341813698626,0
789.16,3241,1,0.5364989725101142,0.45039828520859637,0
979.39,644,0,0.8163063031222145,0.7147097973899385,0
705.19,3517,1,0.6464536955078772,0.6459697189782173,0
665.2,2032,0,0.5829090724108785,0.2751075238300684,0
300.75,1496,1,0.6070178267200702,0.34817141981981603,0
942.13,934,0,0.6194666755873814,0.8883682797153057,0
597.64,2719,0,0.7130070205649777,0.32577189717454436,0
6650.75,3563,1,0.9065756026158921,0.4440853167561548,1
3754.42,2519,0,0.7224356560518193,0.9728966619921255,0
1016.82,120,0,0.7898000335581844,0.8572808524537089,0
287.33,1712,0,0.8770573950792163,0.6989629389688471,0
195.65,2673,1,0.8745116309006181,0.30402272121450435,0
2465.76,1451,0,0.6249549553380253,0.6287499910022867,1
888.05,2821,0,0.6891066416322735,0.6420202279583219,0
1127.95,2581,0,0.5394731931375858,0.41156214166453386,0
97.61,246,0,0.9096647815795093,0.0361184936115827,0
1844.9,2037,2,0.4261474013552345,0.3665284759653953,1
1096.48,628,0,0.9426326808793959,0.5081334726024617,0
196.08,1776,0,0.6855493488249839,0.950142175409224,0
395.96,1403,0,0.91514928291204,0.7274959949912837,0
888.99,2945,1,0.7274510000491338,0.10792665235842791,0
704.66,3168,2,0.6483394130734339,0.3014223036568373,1
482.32,1684,1,0.7725029200359329,0.5216838821607692,0
593.57,1960,0,0.8316909033199368,0.45111527553190733,0
504.13,2285,1,0.6024707144641152,0.005122693814753498,0
786.68,2392,1,0.9450096306893453,0.9351000021083623,1
3356.46,2319,0,0.847331510156534,0.9040397882686667,0
39.51,2858,1,0.9153652298148491,0.9237445704391959,0
512.58,3584,1,0.9024519718818007,0.4285548497218471,0
807.68,3022,0,0.9238004226484462,0.8333755069284413,0
921.12,492,0,0.6147377466932109,0.7085372708675332,0
441.82,1738,1,0.438822532201588,0.5117449426979662,0
96.31,1684,1,0.8840705864839664,0.07713217875947476,0
954.13,1857,0,0.6104958885466203,0.16785199531466244,0
4447.45,1929,0,0.4943962952593109,0.23823310705928458,0
123.07,2621,0,0.7294255326128193,0.8959106844563033,0
1720.23,1537,1,0.6363844907156722,0.6653682391243735,0
463.41,961,1,0.6016099767475167,0.9830309923541928,1
621.75,1670,0,0.5219081996953391,0.5664319810610908,0
208.89,3119,2,0.7781156353422773,0.08470470896089244,1
460.4,1137,0,0.9740213865875063,0.4777631716562736,0
2779.56,76,1,0.8537305633005022,0.11178445308400498,0
1262.59,3563,0,0.8065752586019056,0.9013632747600613,0
4471.78,715,1,0.6792128101290412,0.27843432503141863,0
2428.8,2200,4,0.8209385157104896,0.197269889617396,1
1078.14,2920,1,0.27600767275033367,0.5116316049980242,0
4529.32,1002,0,0.5481135461159834,0.8070868250080442,0
1078.03,1242,0,0.849657738496177,0.5103480311335377,0
1653.73,1024,0,0.9020598544051333,0.03821659467974137,0
479.99,547,2,0.7333208168656501,0.7429555255751137,0
715.66,559,0,0.5531731081232423,0.034071335956449955,0
308.84,682,1,0.707770623570604,0.6043783881926241,0
1975.43,1672,2,0.4535452099323658,0.6169334709274117,1
181.97,1937,0,0.9510411010467912,0.2085193936039691,0
1572.76,59,0,0.6671432657264127,0.44657533595549115,0
539.31,3088,0,0.6487496378233003,0.006191888566888237,0
2412.39,2467,0,0.8171903294189669,0.2836793541084326,0
1519.23,258,0,0.7005748781110993,0.6193512317113384,0
4928.11,3076,0,0.5157154637651042,0.2841693733870023,0
1486.01,112,0,0.8310897424327198,0.04763097771927571,0
118.01,2046,0,0.6679200408320409,0.6742641001630488,0
617.92,1698,1,0.9145414486182867,0.7423951886134058,0
183.24,1833,1,0.713405978356378,0.8629862761990557,0
376.11,3490,0,0.8242415479020817,0.8755459620675097,0
3506.42,3383,0,0.6715299427142911,0.49631682021913104,0
1341.16,1019,1,0.6703102281586953,0.40735908317313885,1
308.33,2116,0,0.8285838463612524,0.5858651855186972,0
218.09,3501,0,0.7073773791239699,0.7926690899941252,0
689.56,2660,1,0.8754736546885543,0.47533217686191176,0
174.48,3240,0,0.6539559929728015,0.9951667853874367,0
317.9,1587,1,0.7254117678891417,0.6375156130061245,0
937.49,1034,0,0.7054062757586008,0.3081065634085898,1
2370.47,1864,1,0.7355655509612571,0.7937091133990731,1
1299.37,2982,0,0.8053285484109958,0.15076629703282596,0
53.49,3390,0,0.847005836181921,0.9357871534686057,0
929.65,2503,0,0.5779334345572789,0.340351927461247,0
719.99,2579,2,0.4855401341972966,0.6850476621647513,1
1048.67,1868,0,0.8441913791804766,0.6253081889647982,0
3935.65,1167,1,0.5429835155977087,0.09587308781114423,1
68.75,1544,0,0.8613550822970968,0.7216197081560837,0
347.16,1817,1,0.604232774269136,0.31181867520255413,1
1274.1,2976,1,0.7847467934338421,0.38118088934384786,0
116.77,2027,0,0.7414701536389147,0.09652446208773513,0
3372.95,2894,2,0.9587371880391535,0.8100843395034236,1
997.44,100,0,0.7807100007333696,0.8602720975598854,0
1687.9,2763,1,0.5777700598930173,0.13426731946501613,0
354.94,1851,0,0.9240470268510421,0.81261229022332,0
1628.05,3643,1,0.8049149270898358,0.8979996048905454,0
2154.51,1722,0,0.8488906404543797,0.09729426895047466,0
859.34,1747,0,0.7743021892551037,0.9974279106353232,0
860.78,466,1,0.901179632043046,0.00455034186988168,0
895.5,2945,2,0.7934555919664222,0.8424056860952467,1
257.32,2560,0,0.6024470462539273,0.5582907053461259,0
565.5,3148,0,0.9304362260741399,0.9572835950518193,0
562.41,339,0,0.8467826621848674,0.33809991823675256,0
1014.08,773,2,0.7892260640123334,0.360847958575493,1
1997.81,3201,0,0.6279633658998534,0.8403778552620922,0
207.6,154,0,0.5336299892772941,0.7106859987905235,1
579.69,1855,1,0.6585020664983984,0.6005184179734752,0
3393.45,1477,1,0.5828945454768364,0.6443846056750427,1
293.55,3428,2,0.7473503408486875,0.6826381183697534,0
269.22,3127,0,0.7762815453067312,0.04784164602902141,0
830.92,3273,1,0.9191966655083216,0.11778336215644891,0
1683.83,1055,0,0.8858737163517603,0.18125681945372885,0
673.55,2144,0,0.6582619703223564,0.17678693414188718,0
2869.4,2555,0,0.4627160571691182,0.8429066820353853,1
1706.97,3531,1,0.8557325153587186,0.3945098139815122,0
1679.08,27,0,0.6868620413623283,0.48942406823442774,1
1223.57,3566,1,0.3151368943969481,0.08939670232222341,0
8607.75,1297,0,0.6694571451400988,0.8705930729464572,1
530.77,469,2,0.9631104743915815,0.01026353500661803,0
73.41,2247,1,0.6810633484962515,0.08329610310830193,0
3884.23,2852,0,0.81711752062344,0.8121093724157546,0
402.03,474,2,0.26107812084932885,0.13059705423466594,0
748.95,149,0,0.6907166826321209,0.7933577388750694,0
2808.78,3272,0,0.35399210432409406,0.3504175642485158,0
114.15,3408,0,0.8052742259853316,0.7760979003606407,0
167.87,571,2,0.9398858964722874,0.05035534245901152,1
114.27,3299,0,0.8609504478967107,0.34126201856570537,0
277.67,3320,0,0.6753264691602443,0.48127388681238525,0
1078.8,3640,0,0.48158158586081407,0.6257045109059722,0
1183.94,790,1,0.4603228267754546,0.8362200640425329,1
901.36,2112,0,0.8062461311094314,0.2444686699448334,0
140.61,3629,2,0.9032259317285466,0.6588884410122999,1
52.4,3294,0,0.8817934989841197,0.1517704364489717,0
706.12,2207,0,0.4859778693028304,0.7951679709480691,0
395.85,720,0,0.9144563751158762,0.9332212052837942,0
1102.49,308,0,0.6910586940163378,0.04727946415734263,0
1439.64,946,1,0.6894762493186862,0.07985807639986531,0
774.38,239,0,0.7204858590795173,0.7875408190639126,0
1534.79,713,1,0.6938349763050617,0.8802300326942568,1
855.88,274,1,0.5873861237996069,0.6482177596804094,0
1191.62,2782,2,0.6335571624673471,0.4611871460997784,1
306.39,2153,1,0.8791873848642686,0.76906695946116,0
545.9,1890,0,0.610135954803795,0.29970931257835143,0
825.88,2955,0,0.7954820384796096,0.9917542296049737,0
1640.21,1500,0,0.8222174366176882,0.8479933571521636,0
431.33,1471,0,0.9469579598235405,0.887133015339939,1
1180.02,756,0,0.7041423972804345,0.8548827185041726,0
496.5,1624,0,0.42423836145256955,0.9328860499311209,0
584.47,637,0,0.35900956750462865,0.06449469075396752,0
1656.51,2151,0,0.8733780458179533,0.9086277635883058,0
74.26,3640,1,0.7922284757650592,0.24860276475156673,0
159.79,1946,1,0.6277454569973201,0.3591729503984412,0
130.27,1092,2,0.5382697702690348,0.370570310307455,1
51.06,2511,1,0.8933514797366151,0.23243385954240103,0
315.42,2993,1,0.6001557066947375,0.4384258477151618,0
1516.83,1722,0,0.7776420729799027,0.5055199663656041,0
486.2,914,1,0.6155967172698861,0.14866414544821394,0
826.81,2605,0,0.8678037230964636,0.35951883514508365,0
2204.24,684,0,0.9294074518219911,0.34814645953642276,0
2865.38,3640,0,0.8628323733666916,0.6746703884186606,0
616.43,1160,0,0.5447754609136343,0.5807838148884541,0
2948.18,1279,1,0.6996834781181274,0.7161091867175343,0
736.08,2653,0,0.743176731032577,0.7839435227425647,0
264.77,45,1,0.7167061038016954,0.6670061017465834,0
345.9,741,0,0.7641770759029428,0.2412443267134995,0
130.5,459,2,0.8055750149302777,0.5021195771361919,0
250.4,1427,0,0.5412715801367172,0.4665748893206568,0
448.62,2020,2,0.5944655522566484,0.07405019413171587,1
1609.93,656,0,0.6748410080423556,0.8944816048407382,0
4415.37,1257,0,0.6413770043656181,0.09143535663262148,0
145.42,2818,1,0.6073166436418815,0.9764425887658721,1
1024.65,3430,1,0.8336412132030516,0.0317458565587424,0
211.75,53,1,0.43699054133038995,0.7296788497500709,1
1121.21,2290,0,0.9319023059592995,0.287574502553695,0
575.83,94,1,0.45350298474340606,0.904716836916282,0
88.77,1899,0,0.7735525241306804,0.8240319182863795,1
1846.65,3210,1,0.8015809284076635,0.025010902982738337,0
341.89,2913,1,0.8944304723276939,0.02195067247159843,0
369.71,850,0,0.7754769980159562,0.6031910324399721,1
205.05,944,0,0.7823236351019501,0.1495915861664785,0
323.85,2860,0,0.6380858780596371,0.01415863482391333,0
1064.95,2992,0,0.5860533416980589,0.9677620586651221,0
540.14,1026,1,0.7980180232745568,0.6328625278347594,0
954.83,12,0,0.9168229107647616,0.01083267302578561,0
990.41,1622,1,0.9143969447100263,0.490519778721512,0
2843.32,2262,1,0.7066833530569908,0.15753682928938617,1
456.2,1620,0,0.9195294304827752,0.8051821253798714,1
131.03,3411,1,0.8567801506878402,0.02868210185044273,0
2151.55,2969,1,0.6397669343353185,0.37091601813825925,0
461.91,2875,0,0.8283090962303146,0.23802832252368356,0
2266.64,75,1,0.4291978126423202,0.9808730371338358,1
1014.06,3115,1,0.9505374786277058,0.07811161299265845,0
575.79,2756,1,0.9678362429611947,0.7198891318070316,0
976.19,1449,1,0.9497007784234429,0.47802789864799233,0
5688.0,2152,0,0.7891660686311999,0.8164898799006626,1
6533.37,3008,1,0.48747187656489144,0.21424455739857373,1
717.89,3307,0,0.5378173741626663,0.8552951179479047,0
793.31,2010,2,0.7464071898603432,0.950367248108196,1
2173.0,151,1,0.7944761937108133,0.21310752507942932,1
262.37,2258,1,0.6468067706442299,0.2427448316571036,0
959.47,2482,0,0.6928984177630794,0.9636675760751219,0
646.49,215,0,0.6279758235596508,0.4341273702892766,0
939.45,2983,0,0.7265674043471863,0.8352431090868885,0
265.95,736,0,0.7886373314283992,0.8424295257785211,0
115.75,3250,0,0.540039599600234,0.310852557890667,0
68.01,2011,1,0.8018305829130897,0.17878506778968972,0
194.59,1176,0,0.9101539136183681,0.36653026454215454,0
401.6,215,3,0.8655810875460699,0.5919028310395791,0
481.78,66,0,0.7227016783991561,0.49708574764455926,0
5602.42,2706,1,0.8567387847407835,0.7367969134783503,0
2245.3,1377,0,0.8355172190224853,0.5488089993025741,0
230.83,3066,1,0.7232694766410045,0.8055148031130226,0
975.04,842,1,0.6933626045864949,0.10393786239539304,0
425.05,3359,1,0.8631715302835151,0.43909447292939285,0
486.48,3436,1,0.8624346760955726,0.016062756315096016,0
815.55,372,0,0.3789169336292169,0.12080711012958201,1
1314.34,2361,0,0.8108221369200452,0.331507286831234,0
457.98,3430,3,0.8684523601221602,0.9015130176720183,1
2143.59,1179,2,0.8567801877428972,0.38015527049317654,1
189.4,247,1,0.8433468152663977,0.2734667813657399,0
669.8,3195,0,0.41217315040136215,0.6707885892435078,0
11584.71,1730,0,0.45413622221721006,0.7034710071574506,1
850.13,99,0,0.3159393112563504,0.4813286203599657,1
3218.07,3067,2,0.489816478340922,0.2885187490169403,1
735.59,2478,1,0.9495429985692043,0.30181046120552324,0
1259.98,257,0,0.8378404579374573,0.1855460849493311,0
624.87,944,0,0.8559090347038403,0.3625893497124981,0
551.45,67,0,0.7833301117917796,0.16825349711043003,0
282.19,3485,0,0.6890433898587605,0.6429227669535257,0
1067.77,92,0,0.7739757793417114,0.8946897619799122,0
260.68,2905,0,0.8445485383366962,0.254253060788757,0
1383.18,1866,0,0.4869113128358125,0.24221515616610145,0
2194.73,2127,1,0.6253873366974306,0.8981526762949245,0
995.44,2962,0,0.6047234355457061,0.5680331407902409,0
485.47,3266,0,0.7739911880481363,0.7297752351671395,0
1095.93,465,0,0.7145901917988213,0.8891344127402011,0
473.65,66,0,0.22206438609505044,0.6649728041512909,0
1861.43,455,0,0.7237178829381866,0.7424588565899432,0
88.72,2491,1,0.7711679688814026,0.386946971406696,0
459.82,2075,1,0.7572445856863117,0.9381682568730177,1
74.45,307,0,0.5388961028740766,0.7038999619217836,0
128.44,855,0,0.7739330266248654,0.07169460411194406,0
2981.7,1961,0,0.6434843386072998,0.595216579879133,0
1780.6,2665,0,0.5583878519190099,0.0946567147817291,0
301.44,1254,0,0.9017519911145172,0.5221190461138338,0
127.39,3466,0,0.5198707897198619,0.08848744462051306,0
25.51,3621,1,0.6148577517482597,0.6272410838712659,0
365.82,2796,0,0.7015498970843832,0.456365827341243,0
9532.44,1658,1,0.7862759568007744,0.5530791452508418,1
1073.17,3201,3,0.9308867170747475,0.6489505578252055,1
359.41,2657,0,0.6376809706814028,0.2503480674495254,0
1109.42,1896,1,0.7343848720784099,0.3195210943816108,0
119.46,1620,1,0.7462954447917715,0.4820680222553736,0
479.6,3038,0,0.5374173486605507,0.5663114627846912,0
742.06,2033,0,0.8735898401103507,0.9236462234156793,0
605.04,668,0,0.7235312467009378,0.3519030754936048,0
1587.45,3649,0,0.8227167554677377,0.5917303060745712,0
971.76,250,1,0.4292028033729321,0.9225451901418042,1
1387.36,2537,2,0.6284318290011417,0.7178266933413661,0
311.93,2394,0,0.956054817960945,0.32834184607604233,0
1785.76,2139,1,0.934996836643409,0.41470614760263125,0
3991.13,190,0,0.6617115371361888,0.878784126921918,0
228.8,1798,2,0.4433064514566476,0.43768657635108665,0
250.52,3257,1,0.8345125062294436,0.2520437388645502,0
2891.01,875,1,0.4944115262636441,0.5230705949240254,1
538.9,2524,1,0.6265224306678874,0.185998196986063,0
3115.68,3134,2,0.8635431437550858,0.5820452179823066,1
408.79,3475,1,0.9214785532288368,0.9915016819259163,0
3296.28,1884,1,0.7368044510135063,0.9692798458644726,1
768.65,1146,1,0.9008449962929375,0.6137994606951616,1
883.64,2553,0,0.9032621713543503,0.886279479222161,0
3718.92,1774,0,0.47778061696014423,0.8151527975296072,1
446.77,2289,0,0.975392196912159,0.9506689939243499,0
236.22,2707,0,0.47862306006135585,0.8730961753589053,0
406.09,2592,1,0.9003063210513996,0.89983238055726,0
1093.97,886,1,0.47256107604007785,0.22954744907862168,0
118.83,2758,1,0.5021484443725287,0.15801872875272593,0
1341.06,1978,1,0.8522873454400817,0.04397181639786918,0
367.73,3397,2,0.88155260423485,0.6593059046539728,0
2351.0,2407,0,0.8275473345425546,0.9335057783742648,0
47.77,3255,0,0.7114161639890926,0.993849984323699,0
280.0,3572,1,0.49277616498992,0.852342552645994,1
104.05,3629,0,0.8852170180047887,0.8310104759350805,0
268.04,2718,1,0.5531654406519572,0.5188827948669607,1
873.43,2180,2,0.8062266833935591,0.45195813731150203,0
546.13,432,2,0.8035670559996813,0.640316491854919,0
503.35,1409,1,0.6955132421303369,0.022707479350470905,0
558.3,1735,1,0.9255588981969255,0.7943235837610552,0
831.91,2849,0,0.892905984543699,0.657483673091611,0
219.34,2149,0,0.9066577648020095,0.17004903104780522,0
1447.42,1603,1,0.9304442240040286,0.63569685717525,0
1378.75,536,1,0.979162311315653,0.5994694515126376,0
1015.91,2612,0,0.559792848250568,0.7879999482620333,0
1226.83,1577,1,0.848668020348569,0.8374775005566916,0
921.55,132,0,0.8123006416662811,0.25341946054802833,0
6239.03,1037,1,0.902575980516267,0.8144775957162116,0
604.38,3210,0,0.7224912638766989,0.18209582761315168,0
474.47,434,1,0.6709502345228642,0.3942127772862092,1
290.36,1483,1,0.6146155798710683,0.4926466880321938,0
213.69,1869,0,0.5476940591179245,0.8049312687704088,1
169.2,306,1,0.5801256100686056,0.9010808049375839,0
250.22,605,0,0.8335090548337862,0.017216633181512897,0
615.39,3432,1,0.7963366061198337,0.7372445000455273,0
960.76,2155,2,0.6160357514608326,0.8775211240526585,1
703.63,768,1,0.779342485862689,0.9543053258456633,1
286.55,620,1,0.6644379923262133,0.2678891913761755,0
1790.42,1554,1,0.9399307115344956,0.1729603869741807,0
1500.2,2641,0,0.6468546949658971,0.4989448589463019,0
558.02,2666,0,0.36971435765913957,0.901003308798955,0
324.34,713,0,0.820746588121632,0.3156135646435154,0
1215.94,2648,0,0.3892883657489153,0.5050607041995936,0
817.93,3271,0,0.5995404100779248,0.9955549706669289,0
135.24,826,1,0.656928669946212,0.4560322823975592,0
617.22,96,2,0.4873466385518762,0.6282505988068479,1
887.35,3499,0,0.7062051214302625,0.9955957049743739,0
247.23,1905,2,0.6354068492112971,0.3672585565173627,1
819.61,2834,1,0.5252836197649897,0.2729299926927933,1
134.25,1169,0,0.8233707508852085,0.28273954827816106,0
2892.29,1092,1,0.5423357415186447,0.6170132857086831,0
2624.76,822,1,0.6475450256564094,0.16270381322494476,0
503.83,792,0,0.31023874035816823,0.16452008300576682,0
992.08,1721,0,0.2874146075168494,0.2601333365103602,0
46.95,387,0,0.883726353151729,0.5409353893548859,0
186.42,3073,1,0.854876867999738,0.8441758137843636,0
481.47,1866,1,0.8137471510585943,0.5292707439663755,0
204.52,3340,1,0.5041886184834721,0.7826414528334646,0
1459.48,1833,0,0.6655219165085098,0.9575570982874424,0
5985.09,1107,0,0.6091367511885531,0.7400015156698494,1
182.31,1879,1,0.6169879913370963,0.6427885364961268,0
264.75,563,1,0.5651061019617354,0.008194406798036957,0
861.77,3008,0,0.9254333634043646,0.4484113645147707,0
3913.66,2628,0,0.8499352124488506,0.26804948676203,0
173.36,537,0,0.711878887666908,0.5124227985787211,0
874.75,2124,1,0.6648041703859157,0.9510844668082569,1
4931.65,1964,2,0.8039546559304678,0.3204474439461389,0
108.1,734,0,0.42933962879672116,0.16078207600904082,1
162.52,446,0,0.7316762827204472,0.8258961945700174,0
417.39,2775,0,0.9269325428998766,0.990582985862436,0
375.16,964,0,0.6330193660838299,0.7800710218561072,0
1625.97,1894,1,0.41678287699860284,0.1383919930779861,0
867.68,904,3,0.6216893288690958,0.550694852255461,1
94.4,2385,0,0.78645571034824,0.40519025164616784,0
1172.57,179,0,0.6567682899905175,0.6334327418939202,0
352.38,1312,0,0.8336720333441247,0.6686120478323164,0
2702.39,1997,2,0.42950972694778033,0.8070902089431538,1
333.5,1603,0,0.714704875494817,0.24008651694695982,0
330.21,2235,0,0.8051701933418353,0.9646785315545563,0
1206.22,659,0,0.5799756357649496,0.21468911918780087,0
1539.51,1613,1,0.7646567454259575,0.12409801164216705,0
1088.88,2761,0,0.8027971974315227,0.8288712438275586,0
104.15,1218,0,0.5107432892926286,0.46324917646199626,1
1202.12,573,0,0.7721583620025912,0.49023027070004,0
213.21,3094,0,0.7641880336902358,0.3187354636635651,0
861.61,2841,1,0.6602299216650508,0.04641323196184621,0
138.92,2483,1,0.9695999242502303,0.1936010842964322,0
1086.76,2912,0,0.7159915023010673,0.7616343127658677,0
273.89,2842,0,0.6753389145712227,0.22440631073054773,0
162.24,2725,0,0.6093196321546692,0.9926659170696396,0
1458.56,1859,0,0.5120783974437626,0.786226770056089,0
867.67,71,0,0.8228429684874257,0.8485901476583518,0
338.53,2179,3,0.8641484454404357,0.8732806900893807,1
3282.29,997,1,0.677834606094382,0.7189044712030991,1
409.64,2822,0,0.4960393637953663,0.4661828037881982,0
689.05,1709,0,0.8592965054223775,0.9170123291909592,1
894.09,3304,0,0.6920729618716664,0.4265267751448275,0
336.42,2174,1,0.8795198254313742,0.09581907899260833,0
1116.83,2009,0,0.9666533029338665,0.5964428971628754,0
369.89,3355,1,0.8820110743009598,0.10556478627401811,0
422.93,1734,3,0.7586110070671072,0.6553883991258957,1
2977.7,1371,0,0.7927245185255388,0.9975267576497334,1
211.74,1356,1,0.8566506408661967,0.6752079828434349,0
46.8,3193,1,0.9230475001706079,0.21055210068651264,0
3912.89,2760,0,0.6226607778902775,0.1378595122386469,0
10984.72,597,0,0.7840850681638134,0.35638619007547256,0
425.9,1798,0,0.5097197673877801,0.1457651660920598,0
79.0,1355,1,0.7928439106296606,0.5696933032134284,0
472.7,2360,1,0.9609740770856428,0.7830984436454848,0
485.49,191,0,0.9830654903458825,0.6581383466424418,0
539.74,2606,0,0.662295046322061,0.6171985406308872,0
195.44,2710,0,0.8115602145959298,0.4356064829376115,0
1258.3,827,0,0.656184856238566,0.17272921643675387,0
1184.36,550,0,0.5336315679170487,0.6377796528704242,0
128.53,2290,0,0.6681856382681434,0.4193477662375523,0
1435.28,938,0,0.689603519771365,0.3054614770511347,0
6361.08,3436,1,0.5094075315680027,0.6592862720641881,1
803.64,2829,0,0.7404488235598526,0.37853604748391734,0
458.95,3485,0,0.8766088702483841,0.16833035514254957,1
568.95,1952,1,0.703157907627979,0.48351357267510975,0
1308.69,3425,0,0.4371673340494362,0.28918274156079093,0
99.11,51,0,0.7397183661993089,0.7334887278469845,0
796.98,1058,2,0.843181909329616,0.047067142026986364,0
432.89,9,0,0.6093760316400103,0.8528439490791178,1
5077.67,2473,2,0.6977291986420585,0.4613462648933552,1
549.17,1864,1,0.8252757234812782,0.01594383029588975,0
4165.85,1050,1,0.4976273039293475,0.1333624661430748,1
197.53,1113,0,0.40633245050038463,0.9454404872165283,1
1269.0,2350,2,0.7836707495646144,0.5370066673845142,1
945.15,658,1,0.6615229394194552,0.768545335529428,1
255.71,1878,0,0.8692118145172453,0.8827772139312652,0
808.46,2240,1,0.7849870019740971,0.32030537010763394,0
2524.43,876,0,0.7616985072118689,0.5469170205130082,0
465.83,834,1,0.5134456220604124,0.6503239618804886,1
103.42,1293,0,0.4817975829533966,0.8415850985980077,0
652.42,2161,0,0.8811332355609272,0.42008938636548643,0
246.49,929,1,0.8948826775756956,0.9517527795055014,1
456.43,1384,0,0.8783070841884,0.6071206831209011,0
608.05,1984,1,0.8854204114397916,0.8738723096747443,0
101.88,682,0,0.8738959526663949,0.08335803367151062,0
112.48,2077,1,0.6364078527458473,0.46334233684482695,0
1130.34,504,0,0.8685478944034277,0.17916946447588533,0
374.28,521,2,0.7121133733890874,0.9118831287409629,0
39.6,865,2,0.7067365709086031,0.2349873193534081,1
1577.08,1046,1,0.6091746087873443,0.712980133714441,0
897.49,109,2,0.7690434675417959,0.06286938445587809,0
303.3,3509,3,0.8192328328934988,0.2008446408894926,0
156.25,1125,0,0.8697395108857738,0.3198524805110414,0
1668.01,2937,1,0.8018574699859032,0.7818733228364572,0
976.8,3292,1,0.8621593789257592,0.25116677508367624,0
9144.09,2922,1,0.8008983649744829,0.8168843929582152,1
1055.96,3034,1,0.9648926177763266,0.7886107640696763,0
1018.89,366,0,0.8271511734524087,0.9922033456510803,0
553.57,1358,0,0.9171809995606272,0.6771404896227414,0
1633.46,2723,0,0.5063449334808658,0.6374376255622595,0
1322.92,2102,0,0.4677965700156431,0.6015359189566184,1
2635.68,21,1,0.9112748875660909,0.10961913819727986,1
374.86,2071,0,0.9148683419567529,0.5132221406002868,0
412.01,2936,0,0.6132258026518221,0.8514828861336198,0
392.68,3025,0,0.8259303870204214,0.020856800474586046,0
1587.45,1401,2,0.32283242052415806,0.12665511903358362,1
3457.19,863,0,0.49096790872651774,0.6005492625854052,0
401.53,1130,0,0.5291999639128967,0.8470158537946455,0
416.86,1082,1,0.7809508596591865,0.30733176188323463,0
939.63,1265,0,0.8462082591458656,0.8714782415395697,0
507.58,1102,0,0.6753904076423471,0.3375266222862875,0
1895.54,1669,0,0.9146236760491886,0.4654583775761383,0
55.87,150,0,0.7241890574942571,0.9530306671347786,0
267.9,1005,0,0.72860527098902,0.41759208732901953,0
281.28,1149,1,0.8825540312329242,0.599481256039293,0
51.81,560,0,0.6906568531506942,0.9354657043658854,0
230.44,3204,1,0.8638286636304924,0.2643821741076354,0
243.06,2465,2,0.7257059736359657,0.09193593006670397,0
533.14,3328,2,0.4461305204561086,0.9580298718370801,1
2262.58,2050,0,0.8230877874402517,0.5598296029228762,0
507.98,401,0,0.48908796471502997,0.9658405376432017,0
214.03,3301,0,0.8840274279410979,0.8667446230440903,0
624.75,1672,2,0.8663505974319692,0.5946265058060779,0
2109.26,2498,0,0.6088580843711199,0.4713406738293764,0
227.34,1392,0,0.9128680649202193,0.4802502276242122,0
244.29,1804,0,0.5115339124147524,0.16601649552148212,0
1229.55,1786,1,0.5135166291643788,0.45356201778233984,1
521.29,1039,1,0.6917083929338546,0.8217319490404172,0
1355.92,2025,1,0.47133502962519813,0.9887882154081938,0
655.23,2678,0,0.43552931838166264,0.9603420638912599,1
1439.18,74,1,0.7497236244924023,0.9621785904982478,0
213.03,478,0,0.7599537330669192,0.01901088800422812,0
656.36,3074,0,0.8793431828684164,0.5157720574237096,0
527.55,2079,0,0.8578559088523062,0.20013111559974062,0
174.6,3553,0,0.8613308454303018,0.6152842264658873,0
119.13,2207,0,0.8829847902565555,0.94583690845028,0
1414.21,2385,0,0.5732654475813374,0.8766510604703004,0
452.12,3281,1,0.7943827750190621,0.8665824767771618,1
216.05,2410,0,0.847636886702894,0.3657184077579889,0
598.37,1203,0,0.6553620265917409,0.5011713040456313,0
2300.36,1927,0,0.7775847999330326,0.28194430932079184,0
54.12,860,1,0.5545286662851867,0.5538543308897793,0
128.21,1220,0,0.8504497421143408,0.3033878586720983,0
241.01,2483,0,0.9541272455489377,0.8087312844913861,0
3318.59,544,0,0.7135955107363343,0.46441932404626474,0
907.64,2453,1,0.8905051994696687,0.7003987893346143,0
1546.96,2132,0,0.494483441716734,0.8726672066825917,0
189.77,1126,1,0.7281071209790334,0.2997490910323214,0
194.13,164,1,0.5035794710980379,0.6220915125832774,1
1088.54,2572,0,0.6298535844144282,0.8458131920319159,0
709.17,3009,2,0.7960660076519306,0.9507325982953424,1
1216.35,2665,2,0.6769304624953189,0.1630666260579431,1
541.08,1536,1,0.6537851860926498,0.681420223821716,0
903.21,2385,0,0.9893328262232515,0.4352188102727925,0
791.5,1514,0,0.6608769757697531,0.28552309660316955,0
1564.85,1308,1,0.7078689094768668,0.15772950815231945,0
1616.0,1194,0,0.6219543577528914,0.5853806345695451,0
111.96,770,0,0.7626586892221464,0.33408782433560336,0
56.15,3538,0,0.678652833132383,0.6679436875374184,0
2002.04,2432,2,0.6199412081880794,0.28099682254193037,0
2456.51,639,2,0.8407628346278312,0.0005915181714019058,0
216.44,3157,0,0.8581890429297315,0.7672277833605256,0
85.99,553,1,0.6128278177072051,0.16132717995801749,0
741.7,2167,0,0.6574894048877616,0.25250336010177743,0
1851.82,605,2,0.6040589384847398,0.23535420679020336,1
4804.72,1319,2,0.5980046754090987,0.34224101596496603,1
1173.71,2403,0,0.8816185661448505,0.48534192115551755,0
441.91,3646,1,0.510630379989938,0.8124522029971162,0
249.03,3620,0,0.4100124958780772,0.6502199724762416,0
673.57,3268,1,0.8676371835103512,0.14599829675852316,0
478.57,860,1,0.26855949190529926,0.18367605002148646,0
217.77,342,0,0.6761619034955413,0.8470626492496828,1
6333.65,3305,0,0.9446261590162669,0.24985545815035448,0
4739.49,3369,0,0.7037070603166674,0.2186831121862065,0
2320.77,1017,3,0.64877914323773,0.0035701209735915507,1
241.55,70,1,0.8955367665402276,0.7740757290553824,0
1703.64,2365,0,0.33403965908876265,0.7384518252696542,1
1344.25,278,0,0.5736955810320018,0.3476141492180762,0
1082.25,148,1,0.7710728760017556,0.007314849296909398,0
2629.72,3420,2,0.7971131681662242,0.7855753379129845,0
1337.97,1809,0,0.5857013670594616,0.0993652122978782,0
1501.19,409,2,0.799300674906873,0.4604679356383715,0
1340.23,2389,2,0.9589309274844988,0.8401476169872188,0
967.65,1348,0,0.6854661467422838,0.24428211573132608,0
93.51,1958,0,0.9426188942376104,0.3796686971528247,0
729.23,3280,0,0.853331960001679,0.6608562562592996,0
360.75,868,1,0.6277995594019059,0.6731627540016956,1
162.74,2360,0,0.8899750899556206,0.4627063768986863,0
4230.17,3024,0,0.7440468632590953,0.43375260958326245,0
4455.5,1547,0,0.6275613327181807,0.41950920589651763,1
2966.51,3541,0,0.7318362316272193,0.48603270519391895,0
880.72,1636,1,0.4548967585367996,0.3466450175209488,1
2938.6,1676,0,0.523342142513956,0.2564144511986438,0
674.02,3227,2,0.31918086418893943,0.3160513831200443,1
831.37,2321,0,0.707244635363385,0.47776728272936675,0
199.77,3170,0,0.7271746865585949,0.382140874921301,0
1029.36,2885,0,0.4972773935970761,0.5855380120413186,1
710.82,2600,0,0.5593457825417036,0.6311411996083692,0
158.71,882,2,0.8043708654082464,0.996143713461215,1
628.72,1456,1,0.9565674050505265,0.6151694670516873,0
609.29,3155,0,0.6453889136991057,0.7346331792515947,0
4804.54,2248,0,0.8678272594185279,0.0980317896601538,0
1778.69,1023,0,0.5105687424507249,0.7604488108142661,0
673.57,1195,1,0.6403418359237629,0.5089034848852182,0
874.51,2832,1,0.9232491039962976,0.8665580882250679,0
698.29,651,2,0.7588140987636938,0.9709087595759406,1
532.08,410,0,0.55643419057261,0.23036560965688313,0
202.21,2792,1,0.3989526870395977,0.9286751119163795,1
563.32,1053,0,0.5171459578268816,0.671640876923481,0
292.74,2793,1,0.1686345518245358,0.7391136519303584,0
168.12,1948,0,0.7453940329349259,0.47236106651397547,0
1167.18,3642,0,0.554766528421641,0.3547935820418444,0
1022.89,1916,0,0.8244881845371769,0.8000340269816462,0
93.19,3166,0,0.9839329325900757,0.021971793253519944,0
581.17,3104,0,0.8229822268172428,0.5405957282041112,0
1988.77,774,0,0.7710481810254032,0.07382977437921001,0
2132.7,3635,0,0.8339142915378124,0.25463483275157817,0
2055.8,2722,0,0.851557500108198,0.7251991180058772,0
694.23,392,1,0.8635097626666801,0.7547386119638835,0
262.55,23,0,0.7300361875219513,0.8890433337986079,1
201.93,991,0,0.5395827058018631,0.7154372344555181,0
971.72,60,1,0.7529985498124461,0.6747459760952066,0
1009.5,1305,0,0.7339581431035964,0.945117297392915,0
2740.96,3636,1,0.719040659745831,0.5374096027310878,0
2230.49,1748,3,0.701264428445512,0.6538816489482675,1
575.1,88,0,0.7244124226251043,0.8680628541751318,0
169.25,1803,0,0.8319676976918491,0.7636951461829251,0
468.24,800,3,0.9059917755126685,0.7699255489708143,1
844.68,3125,1,0.9038581276310955,0.5367557968719341,0
532.57,331,1,0.9182352125834938,0.527844806886623,0
352.24,2812,0,0.8647870821814878,0.6487066906063781,0
878.46,1628,0,0.6663192585752119,0.7005463903973217,0
382.09,69,1,0.7198256446748327,0.5461018410266669,0
333.33,2457,0,0.7243282008125235,0.18546694221503668,0
936.92,1661,0,0.9100364834837162,0.24841163743845585,0
427.44,2816,0,0.8311400458670595,0.4930751119025948,0
870.02,2256,1,0.9457199593645387,0.20406486343399155,0
898.32,2873,0,0.8524275619238435,0.42348738116254936,0
189.92,1680,1,0.8698577520249422,0.14714102119290606,0
391.75,29,0,0.3495522713241171,0.1462324331324074,1
3234.26,477,0,0.9127212997466638,0.843215173012148,0
185.25,1675,0,0.7588156634548874,0.5422499952614902,0
64.82,1451,0,0.8932205917399346,0.7804348872725513,0
85.8,2899,0,0.5846001440490782,0.011539374689921056,0
686.78,1503,0,0.3967711239032646,0.2856309668305461,0
688.15,3139,3,0.6991555108099997,0.017680638198120935,0
584.42,685,0,0.5920001356790656,0.00338214545638138,0
2529.07,1405,2,0.8670534786444496,0.03201640442780895,0
35.16,2760,0,0.7275171979572189,0.5215242577869234,0
1028.16,453,0,0.6565241636937488,0.09082205531855758,0
3705.53,1173,0,0.4649120382476096,0.7983739891585299,1
192.37,2744,0,0.768111049327951,0.5161876269357375,0
438.0,2150,0,0.611210362095643,0.24535306134952983,0
290.56,2840,2,0.7099033111253304,0.838657143992037,1
248.69,1882,0,0.6706999830840961,0.5096376643035991,0
464.57,3136,2,0.5178062023632838,0.3507990382682259,0
3197.85,3202,1,0.7760190125243416,0.5679506468454286,1
5019.7,3557,1,0.9612586262408794,0.6726087331306332,1
459.65,446,1,0.8824493495621676,0.5588036984958827,0
5407.63,2158,0,0.960530518340138,0.9327852853683918,1
691.69,417,0,0.885238210225545,0.3539737294800708,0
4578.2,836,0,0.9567675612474691,0.4099494104951159,0
600.27,1096,0,0.6356628512546666,0.8588544520764875,0
768.29,2358,0,0.7215720468280484,0.637487548116816,1
994.28,1574,1,0.8386920281252478,0.9662667493187741,0
21954.76,3156,1,0.7464087820609037,0.7921646580202154,1
1696.66,1090,2,0.8195432359855866,0.5129282787794592,0
305.52,2253,1,0.7884597227959177,0.6347183167001348,0
1931.2,2785,0,0.7175053275966581,0.40608440921640965,1
446.74,3578,0,0.6043717692021032,0.12764561923988083,0
388.1,895,0,0.7616014259393535,0.4071105414016494,0
1807.07,2677,0,0.8215608583027321,0.2814857803760388,0
688.28,310,0,0.8942129529630508,0.6780798611452568,0
903.64,1983,0,0.7525688262092862,0.6691972207438595,0
675.45,1510,3,0.7927343146575426,0.9373678935402809,0
963.18,3498,0,0.8953020896867094,0.07945744048285752,0
1061.53,2823,0,0.3521892680165957,0.46756845545295656,0
78.99,3384,1,0.8988057959076766,0.39863918427062717,0
1384.69,3104,0,0.8797677551600689,0.5274383829867388,0
225.83,1499,0,0.585731000120073,0.1195630796751398,0
136.11,2676,0,0.7712298414537856,0.49142654006075503,0
623.75,112,0,0.749720055062353,0.6570110036964695,1
729.51,2036,0,0.9248846531283132,0.31378630379620354,0
310.18,173,0,0.8980302985402677,0.6504421613267243,0
1659.27,2643,2,0.811058934211988,0.265671686444384,0
151.96,3528,2,0.6027531542154272,0.36930540753217966,1
425.12,2487,1,0.817698248440878,0.907288300317923,0
349.55,3065,1,0.49047169922120415,0.025058390654852047,0
631.91,856,2,0.8424869199218668,0.27282343391549047,0
903.93,3627,0,0.6313201825467151,0.9357256181583061,1
219.49,2010,0,0.749893445476479,0.147042818475986,0
1475.44,2462,1,0.7327244315591767,0.39740781407095827,0
712.87,2812,0,0.8942076074475024,0.454095667501604,0
83.0,2334,1,0.5538332989644936,0.6526473373171763,0
77.13,1158,0,0.6228637747175492,0.6117732904909876,0
656.19,2232,0,0.7471344983261511,0.6267623437551363,0
521.62,2387,0,0.9669002338097473,0.9404107513724751,0
593.62,3129,0,0.7595774497099794,0.39278493879718257,0
644.98,1757,0,0.7907659692610288,0.48981283359634487,0
852.45,1832,0,0.7524735935459456,0.9639741639079046,0
1886.38,1837,1,0.8080730840791409,0.1281524998061987,1
195.94,418,1,0.559225512793215,0.9482117239159947,0
183.25,329,1,0.3866470988677642,0.9482804119030929,1
199.81,75,1,0.6173591110661519,0.953474956557802,1
913.98,2432,0,0.6973317014583884,0.06702907266187697,0
2616.11,1529,0,0.7322740807177361,0.5775663314924924,0
413.86,3159,0,0.5887539179207535,0.8381718489686236,1
42.44,2563,3,0.8149270611910043,0.3137015168652314,1
102.06,517,2,0.8540550524864468,0.5905615289073692,0
266.04,366,0,0.7577574591475287,0.25644519731437976,0
360.14,1336,1,0.5770617194471216,0.12961344787822981,0
424.44,3361,0,0.8064904751855084,0.8522563748691508,0
693.98,178,1,0.9438544210637764,0.9812203766039462,0
472.05,684,0,0.7614850394614014,0.069746410686083,0
2109.64,109,0,0.6740904071519492,0.12132089310810423,0
316.2,1510,3,0.937740200564968,0.5886069038698406,0
257.61,3612,1,0.9329776977370481,0.08631127400877281,0
1126.38,2495,0,0.642663691977264,0.6311653616475672,0
122.83,1801,0,0.7934526428510812,0.7194857437550591,0
1021.13,527,1,0.4499566177283186,0.41462943577016753,1
744.57,1298,0,0.9157888576659787,0.7562431667624613,0
565.56,1915,2,0.8950278401341893,0.1136290211287806,0
3816.56,1004,0,0.693745029701804,0.30123641276450797,1
335.48,2573,0,0.8748796361341293,0.8076388976022332,0
6414.57,3577,0,0.8545846891619526,0.088347937197784,0
519.06,752,0,0.8897396396852388,0.28508550330050175,0
163.25,921,0,0.8569343333471237,0.6211628061700002,0
718.32,461,0,0.4276527556637488,0.24739197337860952,0
203.59,2649,0,0.8793349301962721,0.48087607535245425,0
290.93,1685,2,0.7342469544497464,0.8371915316249002,0
1029.41,1036,0,0.6673608439167077,0.26966638175593216,0
1225.54,800,0,0.5907192920536423,0.43585084635929106,0
335.5,258,0,0.9028749575487669,0.018252361224961766,0
1970.7,1738,0,0.780544168616159,0.7083694771711668,0
2376.2,2494,0,0.91612043425807,0.3550592084244998,0
3229.01,858,0,0.5083753484721559,0.8600536017578794,1
1190.77,6,1,0.4325778478630984,0.08856155088258788,1
2980.28,1728,1,0.7584709056856968,0.7822303514243765,0
84.03,2466,0,0.7103544674218871,0.8137949356707911,0
468.86,1259,1,0.9327600948478527,0.7760688787110549,0
256.29,914,2,0.7923764990158448,0.734379468142933,1
758.35,564,0,0.6346120360147397,0.23778929920668923,0
354.75,2723,0,0.8170399403122767,0.41673248980244115,0
554.03,3144,0,0.811777681073626,0.3859523483573657,0
5273.2,2809,0,0.5286039754250147,0.2410380822631789,1
551.87,1891,0,0.7840767926837744,0.49169044612853297,0
1048.56,2643,2,0.42537883737586435,0.6975330359699108,1
515.17,1449,0,0.8891811572669172,0.47872677600010094,0
722.91,90,2,0.6682050678190057,0.9744643899553774,1
669.56,1342,0,0.6526347989768042,0.7087584418421753,0
1089.15,2568,3,0.6249594298620659,0.4426991026969712,1
2396.68,2363,0,0.7081501779201648,0.40395753910803045,0
4072.99,3614,0,0.7421381932893479,0.5836066244731155,0
935.03,3640,0,0.6934291960378706,0.4317640034647734,0
1272.2,886,1,0.9083455912042459,0.22193829985770608,0
187.55,35,3,0.18973321018395511,0.5210459693907529,1
603.86,1001,1,0.7167524062810361,0.6727146050704571,0
1871.17,3198,0,0.952908346116189,0.35844494539814065,0
1724.28,2969,0,0.5197026389377609,0.28332372116336724,0
839.47,361,2,0.8132825965466178,0.21739260172318187,0
1763.46,586,0,0.8526870181837439,0.36282179656487257,0
1141.21,2057,0,0.23835537634748277,0.24436755612605354,1
2490.74,2411,0,0.7862659810776054,0.7630987230690964,0
914.42,3585,1,0.5884598394483997,0.6387142393637784,1
449.77,2756,1,0.7932781102760165,0.2869322313447674,0
962.4,774,0,0.9004097116414569,0.9918312768547951,0
26.48,136,0,0.8662683505053482,0.6456721346153488,0
1013.51,2313,2,0.5670018155116339,0.14247293197290833,0
12.02,2021,0,0.8078220405631972,0.8293372946682617,0
99.9,3364,3,0.6495799741836371,0.7537020948301125,1
1093.29,2102,1,0.7253170539117841,0.5000286455656764,0
1124.71,1830,1,0.9356237362100027,0.23346352436491058,0
185.18,1108,3,0.9587558355009724,0.8108762535435894,0
303.9,315,1,0.8710418925101722,0.12451821736932667,0
3003.68,3198,2,0.6519364095375816,0.4180352617913493,1
390.55,3015,0,0.7755637239089522,0.8173225945479923,0
7841.71,594,2,0.7881349305409395,0.8014407971183445,1
663.74,2569,1,0.6304787628139483,0.6298922368952905,0
1041.94,1329,0,0.7982994780744893,0.007742252500385183,0
3938.53,1595,1,0.8708434573486897,0.3331223098073285,1
768.26,3097,1,0.8094750238115017,0.8531979193322081,0
220.84,3073,1,0.8615494524022671,0.7213658418452595,0
589.51,696,1,0.44578871798390124,0.8105953097691289,1
639.59,1123,0,0.6032287727802678,0.06298125111841235,0
148.23,2998,0,0.7449314911577981,0.9407694456674522,0
501.99,3347,0,0.8577009645174906,0.22904988928519276,0
294.0,289,2,0.8256168471315963,0.3322930093845702,1
1838.66,3042,1,0.7671939972985836,0.8405830236823744,1
690.95,1786,2,0.9059073113310061,0.4062191632018828,0
487.32,2155,0,0.5199366251788713,0.6430767000758738,0
591.82,275,0,0.7374934642080787,0.5523635733932903,0
850.17,2483,0,0.8312770438611728,0.8660763034260965,0
1310.93,2474,1,0.6530534789659344,0.1561235356675903,0
221.48,2419,0,0.7644623095658196,0.09779117386989611,0
211.51,2885,0,0.9008172770198896,0.6323537484481017,0
2242.05,3453,1,0.558000258895918,0.8446417063933267,1
422.6,3102,1,0.6925093124182319,0.9231016226885045,0
139.98,2718,0,0.2683585206840742,0.39992564184118773,0
1083.76,3581,0,0.6492086440241261,0.7348566011862875,0
1107.33,2462,0,0.38363839444474496,0.3907865002682799,0
123.5,2453,0,0.547290517298364,0.3188753371098568,0
856.14,1978,2,0.6533371767528916,0.024212251742724122,0
1493.89,2807,0,0.8350113660335416,0.2501105356203528,0
1004.08,261,0,0.3472691693079805,0.1701722658349475,1
1332.99,1846,0,0.2724512803384861,0.2686126184501866,0
141.93,1552,2,0.9453460640606978,0.28872712705511083,0
957.33,3331,0,0.9026522951330588,0.8589094709383204,0
476.81,265,1,0.5002679866334625,0.20337610943008744,1
391.09,2350,3,0.7158952447993875,0.8192987445857962,1
1733.0,673,0,0.9728752979255763,0.8593423836049162,0
3385.31,3225,1,0.6472186680253523,0.46377625018382806,0
4787.71,3109,1,0.46873451387660514,0.7245155664464582,1
2825.07,860,1,0.8139151901554355,0.31860762627977457,1
589.51,3181,1,0.36749737704412644,0.017770931753899877,0
980.43,1813,0,0.7522824068307398,0.7096515228635915,0
1546.12,3544,0,0.9145957538367383,0.6064128100963871,0
759.98,2664,0,0.7158868854515218,0.4613636355848185,0
768.04,126,5,0.7089411539474731,0.8986900288979844,1
1646.04,740,1,0.8553386180650389,0.7272578393390537,0
623.15,1473,1,0.579801565153588,0.4255812146681299,0
298.21,772,1,0.9414015795779326,0.05337884116528746,0
421.61,484,0,0.6473509821547165,0.876085735038417,0
1335.82,3569,0,0.6703976466737944,0.9846428068082055,0
667.34,3172,0,0.5819473926928818,0.6345210390918565,0
967.03,1586,0,0.6385963785351764,0.7682006058929555,0
1390.04,785,0,0.607395051138213,0.5060248395635348,0
440.4,664,0,0.4503290635371112,0.2366428347082229,0
1528.24,3342,1,0.9244070502469083,0.9120674909765896,1
1009.01,1210,1,0.900340019490175,0.6883506280378556,0
171.01,46,1,0.84176639771762,0.5485630602117738,0
3250.41,1451,0,0.7861801527541395,0.6820843527958647,0
383.44,1658,1,0.9038709646594746,0.5118613958022991,0
107.7,2274,0,0.5643416930662138,0.05838449414117142,0
210.7,1236,0,0.7914231713328695,0.660441144008915,0
216.34,3369,0,0.5025293658112692,0.005216885144952332,0
704.43,2349,0,0.8760030806948577,0.22034579123490305,0
492.14,3601,0,0.621763762980231,0.15597926729327416,0
459.2,1340,1,0.7821347698983981,0.3401222554129717,0
1315.11,2379,1,0.8472559318772024,0.9083156396019179,1
966.68,1334,0,0.7963356336878742,0.07970162314788276,0
941.67,2555,0,0.24160383990402462,0.35740625441285623,0
1044.0,2722,0,0.4385738782123473,0.7595619509948321,0
1309.96,1175,0,0.9407481894260572,0.8630916188979564,0
65.45,3422,2,0.7770291104006203,0.7361291370313283,0
445.46,3128,0,0.4884720472769161,0.9652116312573981,1
60.45,3265,1,0.8111031721473037,0.6959174256099484,0
692.06,795,0,0.6186436679268393,0.7448008743169945,0
661.76,2620,1,0.470458362302927,0.4220677354017517,1
2100.83,389,0,0.7028730434333268,0.30205327857215014,0
2456.27,386,0,0.9103705820396224,0.46187532718197133,0
831.35,3552,1,0.5498506059992158,0.7679169834759826,0
383.6,558,1,0.8549958710326364,0.6502630574758479,1
1134.19,3154,0,0.8883411517317281,0.7718989799505122,0
372.15,1573,0,0.5462607339485482,0.6275865856268602,0
664.12,1109,1,0.6725318669141201,0.7331013477366896,0
1967.95,269,1,0.6442850141996936,0.15566907322197254,0
360.13,2464,0,0.8089244373936679,0.3236585332734351,0
1613.64,2633,0,0.7941463374886846,0.561191767034815,0
1401.28,1705,0,0.4031097707819363,0.0165474135183602,0
232.7,2956,0,0.8309185766624663,0.9122972269856637,0
1941.63,1180,3,0.5279080330506332,0.23948982793160334,1
1434.29,2014,0,0.42035935308261985,0.08850219784518365,0
744.06,1047,1,0.6620102402653866,0.66425021291794,0
287.56,2125,2,0.7345932880026134,0.19373904709522194,0
258.49,497,2,0.8686639782090377,0.5619347132023299,0
368.18,1738,1,0.649997508779186,0.24897667340678442,1
1208.16,2005,0,0.7523360357393192,0.1659415177987973,0
232.48,2031,0,0.8503919388131717,0.7349960839325432,0
1076.28,1630,1,0.5735409924139959,0.3883727960206588,0
169.71,2349,1,0.673816867338093,0.5744382135421813,0
531.41,1869,0,0.429353692835342,0.2161244676455154,0
750.4,1034,1,0.66815469818115,0.552414553406946,1
9795.16,786,1,0.9398431739390588,0.4212304348811168,1
146.2,2364,2,0.8765899687816576,0.0512244450546423,0
3358.39,3425,0,0.5354920835017013,0.7266918162980436,1
784.33,2749,0,0.9227114154186187,0.552364336393527,0
1045.54,2331,2,0.5392959834595112,0.9273398540017285,1
757.62,3363,0,0.603234278221899,0.8079499660296948,0
1084.85,3283,1,0.7790237841627562,0.5711192120176916,0
561.69,1849,1,0.6011260820490804,0.043059601450399,0
3292.67,399,0,0.7386321057113819,0.75191860539919,0
402.58,2315,0,0.5406247911144816,0.5490442004823349,0
2311.05,2273,0,0.608046903414054,0.8350315217288465,0
327.4,1013,0,0.7421030936375861,0.5777450191210315,0
622.49,3100,3,0.847799314168424,0.0020274794806225405,0
204.56,3175,0,0.5829145174764221,0.8149121113391221,0
1097.21,1208,1,0.7617584213605983,0.7992738520274703,0
3260.51,1741,0,0.8658827400439811,0.09940265823563077,0
610.88,713,0,0.8455066641248405,0.6838234656247824,0
535.62,651,1,0.7776900767879937,0.5261006518371427,0
195.18,968,0,0.6276395211418817,0.5899170939658976,0
516.86,1335,1,0.9380371186950267,0.8893532611742494,0
115.34,996,0,0.5295271558285918,0.24956853060818718,0
243.67,554,0,0.7932488618464365,0.013159893493029262,0
853.6,1632,1,0.742438231182835,0.2085621165937196,0
2838.17,2276,0,0.5289746640095474,0.9151260352398508,1
14619.8,1190,0,0.6068050749512537,0.21142315491151742,1
348.89,1947,1,0.36552788404236014,0.6745105980433997,1
3225.46,990,0,0.9225701943734959,0.7896856848214125,0
869.68,2569,1,0.8478879851064961,0.8132102734522607,0
563.2,2367,0,0.31067254815373496,0.010437063304376548,0
1070.47,3504,1,0.8310978070943523,0.00940241120304286,0
712.02,194,0,0.8991021180254808,0.9890101065035216,0
751.02,3114,1,0.48125490627561185,0.5274268002608454,0
424.47,1242,1,0.8838347689463993,0.06370335359514578,0
142.89,242,1,0.5823853527414938,0.02680888042730989,0
121.76,2517,1,0.8359018289245094,0.8107712285183476,0
1364.54,627,0,0.9250047335444569,0.9049551215214183,0
490.6,642,0,0.8790704709867017,0.524492498392763,0
345.26,3575,1,0.8217298398301457,0.3717140686719693,0
671.39,807,1,0.8899614109941179,0.7023565902432797,0
1594.68,1997,1,0.7107016680680238,0.022388346867203368,0
811.11,733,2,0.8011024955370086,0.8989157691419847,0
323.22,453,1,0.7877813625572595,0.2560905009723602,0
2562.97,4,0,0.3454751862993425,0.1909087563933719,1
3778.58,59,0,0.7568083918680123,0.31079235809414907,0
1145.98,1729,1,0.7304301800003249,0.06372763572670614,0
1941.14,1584,0,0.5454836193677026,0.3895604077003664,0
2607.52,143,1,0.36067675595984294,0.7147478460578519,0
2305.63,1276,0,0.6498386274617891,0.49820636127845364,0
1307.03,996,1,0.7329887599548963,0.6679790329889732,0
1284.57,2085,0,0.7471166966234875,0.21377195643117264,0
1178.06,3631,0,0.7912135117255037,0.39789044605461765,0
198.93,2524,0,0.9299479776487666,0.5194813824939327,0
1437.69,3352,0,0.7225960763355039,0.572558471714541,0
149.7,702,1,0.539456831800538,0.18639648396220032,0
277.53,785,1,0.9819594961177426,0.8076691351469191,0
2790.35,2740,0,0.4643831186517417,0.09021622089778203,0
1676.13,1132,0,0.7146608823195704,0.09828725082923373,0
3415.7,3098,1,0.47344342278705526,0.24970072392873932,1
493.32,1693,0,0.8689495354258527,0.6542739637083039,0
187.27,733,2,0.7818200252223128,0.07708716281578543,0
510.57,3082,0,0.5876229341241399,0.007725597115764371,0
744.14,2009,0,0.8015046718545126,0.47218157558808227,0
725.52,2929,0,0.7353377093914618,0.34665706362442616,0
2314.73,1651,1,0.8523813111900449,0.15674631421231178,0
447.02,461,0,0.9180504105769495,0.6559238707255363,0
979.69,2486,0,0.7856928033850361,0.6414314146322678,0
224.19,455,1,0.6640219873941304,0.12189286248064835,0
1091.54,2421,0,0.9260385863401008,0.22980133810519832,0
667.42,1521,0,0.7990044022528422,0.36497931858036325,0
291.55,2889,0,0.703758693562674,0.9900399037621718,0
513.16,3175,0,0.8389919705046474,0.7685905639884056,0
543.16,1487,0,0.690661790072881,0.3371653368079712,0
494.15,3219,0,0.7146271220207684,0.9654378220855814,0
4667.95,405,1,0.5119620809393397,0.45493210932661365,1
596.88,392,2,0.5775343966738834,0.3803319411186189,0
508.63,3626,0,0.4761673552204917,0.9442857859054279,0
66.21,2096,0,0.7490377607766959,0.7361754817069976,0
248.73,1645,1,0.6773089548657079,0.547844262653223,0
498.01,569,0,0.6306343343952773,0.6006965578790154,1
312.8,1055,0,0.7055062700446963,0.9728105171627747,0
3040.81,2504,0,0.9483720128897175,0.1529015499645131,0
554.78,2999,1,0.6925663449535439,0.3471254736857703,0
2744.32,3345,0,0.8233244363460851,0.42101637104481227,0
711.86,1488,1,0.9212178144627674,0.9846993829516348,1
692.94,1660,0,0.9125152427322499,0.08419409026345293,0
603.25,596,0,0.9043702040611123,0.11165112708258496,0
667.92,304,1,0.580395307281481,0.4353703413140745,0
4405.79,1598,0,0.6864179968238857,0.169243654684748,0
51.85,2114,1,0.8202960935395893,0.6848301606412988,1
73.57,381,0,0.42212061209975305,0.36067753231570254,0
365.96,1491,2,0.7343511045819631,0.8462074645612848,0
675.86,2342,1,0.9117605411640395,0.7486105492831542,0
1421.0,2959,1,0.8572388908952817,0.4708067945986484,0
1119.23,3425,0,0.5749306843957632,0.8449793915603385,0
435.86,1242,0,0.6009927823724809,0.10081884498155602,0
2040.5,1430,1,0.632976052951866,0.5810990045952281,0
2065.68,3193,0,0.7851874650546272,0.6051329668098131,0
814.41,2530,4,0.7796500209055158,0.2460211138297973,1
1917.78,999,1,0.4021423581994606,0.04962132649027873,0
897.77,2501,1,0.510689772815548,0.535198962463447,0
358.66,575,1,0.4649178496285457,0.5136770495598508,1
1433.1,1639,1,0.7327419205094772,0.6536117593504925,0
751.2,1119,0,0.7967289809222294,0.2129287409270345,0
666.12,3623,0,0.3372763682187753,0.17964336175640183,0
3361.86,128,0,0.7338484175100243,0.9779158893556854,0
44.88,3127,1,0.6127604597610794,0.11368849528457503,0
139.85,1027,1,0.7208918979917366,0.9994085860213123,0
180.23,133,0,0.6919487077071763,0.7199767741524205,0
446.04,2409,1,0.7391117915703175,0.6293222383102637,0
502.67,2475,0,0.36944666224037137,0.3397834954859773,0
126.72,520,0,0.8443831132979206,0.8678031028851877,0
225.05,140,0,0.9621911180744068,0.9100616122902088,0
258.03,407,1,0.4340352922141528,0.7218839999938028,0
9928.52,1492,0,0.9565433622688664,0.709888579177671,0
4826.69,484,1,0.4407025822998382,0.4931546328414529,1
422.87,2566,1,0.8003691081713438,0.07783486536056072,0
445.88,283,1,0.8926471068453763,0.9990290440445977,0
187.89,2879,0,0.3504786971124001,0.015555381228009368,0
81.54,3192,2,0.870477363867042,0.4953973993856732,0
584.89,2616,1,0.9328238267909622,0.3671343126878598,0
221.93,3446,2,0.681848214585793,0.776132358690223,0
605.87,3428,0,0.7595719401894858,0.735780363808613,0
114.41,170,0,0.6493811741882296,0.6280497074703888,0
287.67,1248,1,0.7732117707718874,0.0747385426223729,0
783.28,2774,0,0.915146106905951,0.23684944774097727,0
995.09,1240,1,0.7317359995824214,0.09415842983140399,0
1052.81,2690,0,0.5319003037693371,0.9789763617159523,0
155.63,2826,1,0.9728539658530153,0.12778289578864277,0
1703.01,3638,1,0.7196019759022727,0.9671927243174235,0
275.83,1204,0,0.822701606083811,0.1127121724430784,0
1334.28,1270,1,0.5902356189883106,0.86223034412311,1
657.4,89,0,0.7745098203466615,0.5746301747778094,0
146.35,1042,0,0.6957060563459608,0.831725658603067,0
469.74,1024,4,0.8109094166672146,0.634033958232348,0
994.16,1654,0,0.6843449329549139,0.7688371671051085,0
1305.4,1537,0,0.4363693209954926,0.7308116004642436,0
569.59,3126,4,0.7650825333611386,0.26018697688922476,1
3586.59,2824,3,0.7816440491372987,0.9350482925037096,1
2014.77,2659,1,0.7488079763664399,0.6436461042246576,0
501.54,20,0,0.6363273675238018,0.20208411857530173,1
1517.98,1721,1,0.7253958622874728,0.3060420302873389,0
5581.28,2663,0,0.8833324945340496,0.5330510071855157,0
5747.57,893,0,0.9006153279191512,0.8818267344941542,0
172.29,1551,0,0.6850284285360332,0.7967531199960444,0
240.04,2653,0,0.5917452568991809,0.30204800671000087,0
3406.4,2900,1,0.669418496146047,0.6884863122740802,1
207.66,3119,1,0.5681171192461283,0.001656830075574267,1
155.28,1569,0,0.8336330983927326,0.3326410474909488,0
389.63,1460,1,0.8842752096330816,0.8395952241668233,0
1056.01,1397,0,0.5148174787268712,0.1512011979058151,0
594.29,2440,2,0.7608096646615455,0.35339526382156206,1
325.18,1531,2,0.6386159807380635,0.001043317070859695,0
316.83,1461,0,0.775634887930031,0.023132726206297027,0
303.82,615,0,0.8069531033596755,0.14601899100266524,0
252.79,1747,0,0.6926621557338205,0.10186305529855477,0
8182.85,866,1,0.9445561924530862,0.4897293437319945,0
922.66,1916,0,0.8299506785932259,0.9000043660908812,0
1764.17,3243,1,0.7585945111283382,0.08464170640283919,0
388.39,2831,0,0.5504792719652801,0.869836869516342,0
542.1,1745,1,0.839862099774224,0.6681578383234967,0
303.41,3567,0,0.8166617088972978,0.16889487542835746,0
35.99,3577,0,0.9195022856482271,0.2897364942035021,0
146.09,1622,0,0.8647315947562492,0.19418348255588735,0
90.77,2787,2,0.38679001632062804,0.7892984567555943,0
55.99,1250,1,0.8749708830234235,0.7251003562718127,0
178.59,3207,1,0.8509420225413755,0.30440934632766703,0
2856.78,1364,0,0.11217164579415428,0.05433432959455675,0
633.41,943,1,0.8043879983345879,0.16874075997246774,0
2750.73,489,0,0.5922057543303655,0.6298763613261843,0
1045.32,3075,0,0.8128716563257028,0.09037280641180334,0
1573.12,1084,1,0.5168676318415053,0.5364655008424107,1
246.91,2968,0,0.4734328055788806,0.6129290121755426,0
1183.64,316,1,0.9253168612707562,0.6877536084678801,0
1482.65,1828,1,0.8994998425222869,0.12535574501558233,0
352.72,1562,2,0.690490453604619,0.4597058808597849,0
1230.89,1602,1,0.6798043307604363,0.4633966219229737,1
1239.93,611,2,0.6829803244349059,0.8352825969680435,1
363.4,270,2,0.7613099719501607,0.4687170097023414,0
193.44,1265,0,0.9073109430019267,0.40679576040996257,0
180.81,1716,2,0.5206290358717492,0.12346044905060405,0
731.54,2896,0,0.8932605172730396,0.6944643511208031,0
953.09,1688,0,0.7784118225319986,0.6197894813465856,0
278.17,898,2,0.676284346302863,0.7169498503808445,1
684.88,958,0,0.8210841898556492,0.6562832549671817,0
1245.87,2233,0,0.727978492510825,0.8752838277168612,0
1312.92,1590,0,0.6752339706449854,0.877346106273028,1
3666.78,3289,1,0.8210678175399796,0.3076832576878654,1
2709.93,1605,0,0.7001225411972338,0.18241205908695113,0
221.09,2069,0,0.7867841158826843,0.9264775012975566,0
4238.42,234,0,0.7533012401002323,0.713039905582938,0
370.9,708,1,0.8554748181744839,0.9709774002148238,1
2099.3,3103,0,0.667769970617892,0.4969557036007429,0
716.79,1259,0,0.9897919065867784,0.9622433565929096,1
422.69,1537,2,0.6082510039886787,0.1227187939033837,0
91.06,2155,1,0.7784141774265366,0.5903645620131676,1
550.75,212,1,0.894260764176297,0.49673530546622824,0
119.66,1849,2,0.8430083241916339,0.0026449214853327963,0
1927.6,1264,0,0.7166978160332639,0.1928987146789487,1
3527.95,543,0,0.7426385082731762,0.15347215122333457,0
276.83,1527,0,0.9697000305732494,0.06080928846155387,0
927.2,1631,0,0.5818993515298825,0.9481490755780425,0
299.49,680,0,0.8826873105737997,0.9653671847711581,0
333.17,1982,1,0.8383987899969944,0.8917499966067187,0
1559.22,2723,1,0.8795300150463063,0.988880871473918,1
637.53,976,0,0.7802123507495399,0.8306642173676764,1
4508.02,3527,0,0.8745565261418128,0.9321810701016938,0
391.33,2235,1,0.8054801684060185,0.19763112953357265,0
1996.74,2821,0,0.9763031200817052,0.25688385934068036,0
740.37,257,1,0.5395009193519967,0.8620660991971364,0
1596.16,2801,1,0.9414562134426799,0.47946372896260714,1
406.72,1229,0,0.8927655235489456,0.7169724272834446,0
629.85,2592,1,0.5062604911262605,0.5619090919649234,0
585.78,2935,1,0.9096573577159139,0.3056387401023828,0
265.16,914,0,0.5955423655379292,0.28483484779205726,0
1377.86,947,2,0.7559449569123314,0.7481796015940986,1
1360.05,218,1,0.728980604979745,0.5320951130292901,1
1277.82,2209,0,0.5588638231774526,0.35938568062279885,0
3607.11,2825,0,0.7383099816025026,0.6170396985239665,1
3275.68,1497,1,0.5059337728220168,0.41993758459039243,0
440.35,588,1,0.7416118637784561,0.4750748432474201,0
1002.61,1155,0,0.9167112596125917,0.6779097013480755,0
334.97,1470,1,0.6852009623879968,0.4579652019706495,0
682.45,3343,0,0.7993922436871537,0.9499406128577493,0
343.87,453,1,0.8663253066315324,0.48519263331218954,0
3952.4,1253,0,0.9194525417653014,0.9618228205224454,0
992.34,2329,2,0.3627182904664323,0.847688154677447,1
523.31,864,1,0.5566683773586585,0.8909273618173369,0
2472.49,3229,0,0.6998858742886745,0.7632753297704018,0
61.09,3319,1,0.5635003916009761,0.6045256409640548,1
72.57,1388,1,0.7614386343752674,0.5326676608744666,1
1596.27,2722,0,0.7560292156716849,0.551655120934923,0
710.89,2759,0,0.5399844334469177,0.20145474127643004,0
876.11,2488,0,0.7227455486593676,0.21439487288964587,0
154.62,681,0,0.6891973581414197,0.03416182824474967,0
648.36,181,1,0.9126350014542103,0.7455603024785848,0
6026.13,1268,0,0.5582094980121409,0.12486350596333085,0
1646.85,479,0,0.5991557773982862,0.582149131326894,1
801.65,1067,1,0.8397483311912809,0.13792309845655348,0
410.36,2330,0,0.6622293347929884,0.06654673145358425,0
430.94,2149,0,0.4180392991401249,0.5335943685477263,0
63.94,765,1,0.49552596849324976,0.873095892789202,0
883.07,65,2,0.6590905954947273,0.3560144351034059,0
1685.86,824,0,0.8949043985065913,0.9192275088126552,0
117.54,1660,0,0.6706355525619658,0.01030713817054807,0
321.32,2844,0,0.3728656541861408,0.4657390083730679,0
186.19,1333,0,0.7658127643221846,0.14676444108525577,0
230.01,1044,1,0.6844107085302702,0.3157804886681731,0
705.45,2012,0,0.9679821131854148,0.023731728199730018,0
67.17,262,0,0.7260406218557165,0.03534748720199754,0
1307.27,823,1,0.8851185465870695,0.71281368701095,0
1524.22,133,1,0.7808959722491251,0.654540077531862,1
504.61,1918,0,0.6154108198254828,0.20833545131116782,0
43.43,1618,2,0.59599185977906,0.9011489774580169,1
222.28,2126,0,0.6690997862711682,0.6879769360319868,0
2581.67,2252,0,0.47354373720639753,0.33617310023172053,0
31.32,1442,2,0.7967580454269693,0.40765317871211515,1
453.83,3171,0,0.5306467292755014,0.29255579693151923,0
181.63,3351,0,0.9472079541394154,0.8305982117038992,0
1611.67,405,0,0.56929682377587,0.49395993429793195,0
316.52,3358,1,0.7218575031605409,0.13530758805525323,0
1037.27,718,0,0.7683836428913566,0.201713745617789,0
1238.93,907,0,0.7947995890338624,0.2965790733876893,0
5013.29,1934,1,0.39792295907221786,0.40315317462767974,1
532.06,108,0,0.7013038138922143,0.5926399017592024,0
1005.91,1329,1,0.5055643243175988,0.9641649801570359,1
129.86,711,2,0.7915406719134818,0.26192864377240466,0
2463.79,1761,2,0.7633098198910439,0.328403565707577,1
288.14,2973,1,0.7546910831693378,0.023952000496322956,0
358.95,3373,0,0.6500573179494179,0.37255195504867966,1
649.06,775,0,0.6414853503300335,0.6750774662346926,0
119.2,1989,0,0.9702075480540451,0.9630612112504998,0
855.47,1732,1,0.8043904143474204,0.7401895288534429,0
1927.95,1515,1,0.6105372150025031,0.11799651266278077,1
918.03,2309,0,0.42378948912286823,0.8900386022676331,0
115.84,3611,0,0.7605982935844906,0.8386791288805627,0
580.45,1479,0,0.44270257773225047,0.18902244395724155,0
1504.52,238,2,0.6873653756916456,0.9343428764847157,0
84.29,3343,2,0.7276324173926558,0.7140990444752396,1
203.93,3402,0,0.7150362383987141,0.7828173390829324,0
1744.46,1177,0,0.7738846694005276,0.4591396641676112,0
895.25,1831,1,0.6233522935586034,0.20068369109666906,0
1046.46,3148,0,0.9231727750057386,0.7991052145387683,1
5143.27,1839,1,0.8049619881908741,0.47744274477464566,0
1113.66,1756,1,0.704810617659643,0.9674303460867035,0
1371.52,3365,1,0.7010102255361443,0.15333451907836004,0
13119.04,3025,0,0.6428924517366681,0.35540351392619707,1
525.74,1852,1,0.5834224355352972,0.7355470488013235,1
276.53,590,2,0.9341824194498423,0.5722816165052852,0
1064.84,1600,0,0.8217759972691073,0.4332750737411629,0
1078.03,2469,2,0.4565924644788278,0.7016105371732275,1
372.64,995,0,0.7437581759144405,0.7333510618875119,0
213.66,1961,1,0.5966201050613501,0.577299013160008,0
8440.77,2405,1,0.9133276200836716,0.319103398419019,0
952.92,311,0,0.83870172175204,0.6187594539620702,0
297.22,2079,2,0.587763070162592,0.5452425005217921,1
1821.7,2692,1,0.9018826239172607,0.7976560012015013,0
589.89,783,0,0.8689379930508415,0.6534578452941441,0
503.62,2002,0,0.9195779415853201,0.4967717474821157,0
1234.6,2589,0,0.6478582680194228,0.018704705221263107,0
160.6,162,0,0.710160950888217,0.16694031886839755,0
980.33,2351,0,0.8473399726219325,0.3365942922527255,0
5454.79,948,0,0.7300174446619188,0.6013786256000327,1
1110.76,1450,2,0.8314364573863723,0.7923587519466777,0
439.73,2365,0,0.6184418468620911,0.9599541179271593,0
380.77,17,1,0.8141591834588402,0.5998053941540261,1
423.53,62,1,0.8069614196403404,0.7288439953813121,0
503.03,1630,0,0.660723554910739,0.6214412049633365,0
438.96,3466,0,0.8222577893172643,0.4302777227200989,0
1822.46,23,2,0.5282401563460583,0.6096766866778844,1
98.84,2879,2,0.6905866283921853,0.40067297437486615,1
1716.77,274,1,0.7565097580194187,0.45363938783015667,1
438.06,1785,0,0.9254692354345952,0.9110038882574208,0
1006.91,1572,0,0.8610995359620209,0.5638596620282463,0
192.54,1709,2,0.6646460540350441,0.10041094391261407,0
2868.36,299,0,0.5789019052115405,0.5237656745267855,0
2618.09,2750,0,0.7168037568033147,0.9532602148983514,0
1911.32,1006,2,0.6800781159061146,0.10004286825919728,1
125.68,2814,0,0.6859248866746205,0.9711873081218005,0
1655.79,2392,1,0.5953117730826367,0.9876403503981414,0
1038.3,2012,0,0.9349155000575049,0.5607131662641393,0
113.77,1127,0,0.9013298212309095,0.3324387294612199,0
647.6,2381,0,0.9164187042702431,0.008634673837892848,0
993.26,3641,0,0.20846784675950858,0.015505009487129295,0
1226.21,3369,1,0.762690335120958,0.3880954014612751,0
808.34,3344,0,0.7823891043941945,0.7830717939354036,0
916.31,802,2,0.7653330063931563,0.9423735225320612,0
3364.29,2136,0,0.869456428711264,0.15477830512061974,0
2562.24,1452,1,0.4141783717206235,0.4877526053857767,0
28.4,3529,1,0.8945383806170203,0.5017256346832102,0
469.1,3467,0,0.5899459599497727,0.3803033753956985,0
554.95,3168,0,0.8803222950813813,0.5399560662834777,0
96.8,594,1,0.7561087672604259,0.9250222318078987,0
737.75,1164,0,0.7968690805539167,0.4385291505173182,0
2627.09,2596,0,0.8883892595087375,0.1377797280913735,0
201.3,2736,1,0.6761557620262731,0.6654495674566734,0
962.99,1279,1,0.7366674134526627,0.031374524533401615,0
242.89,500,0,0.7002282926056999,0.940115264491655,1
317.63,500,2,0.6959168756867212,0.9398876560903239,1
3378.32,2498,0,0.5960164505465585,0.09214260358293058,0
366.2,1658,0,0.49930243981744277,0.5508868458403816,0
1105.92,1792,0,0.7931463535023469,0.7973903684125478,0
84.92,2976,0,0.8540885845043555,0.46457847974601874,0
5159.26,62,2,0.7169124225986966,0.47877163455092275,0
1290.67,2754,0,0.5004961958460791,0.9702000035056308,0
544.16,1001,0,0.7842936154623726,0.23050809297977504,0
1252.76,3398,0,0.42743383534709384,0.5263101888976166,0
141.06,3487,0,0.9101298053363358,0.11496816146754973,0
2442.52,1833,2,0.669625241370263,0.30244015027883964,0
465.73,1153,1,0.6327278703874213,0.8509044274892407,0
531.4,851,1,0.3123891038527092,0.7164486574775395,0
387.29,663,0,0.4921281571654435,0.6120037868956673,0
351.17,3647,1,0.8528864952223335,0.11388856494806043,0
1428.15,685,1,0.509396967868522,0.8506985495370184,0
881.39,1630,2,0.5882472561339076,0.298109297217625,0
1362.29,1749,0,0.9154461117545336,0.5349828439508179,0
658.74,2479,1,0.7681839531660365,0.23347469843014057,0
1169.72,3075,1,0.782263765915715,0.5207365685692255,0
419.59,2037,0,0.4326896714365754,0.5621395348390664,0
7728.77,2766,1,0.7430873886034415,0.34046844175630486,1
118.54,2068,1,0.6092867729936811,0.5059216469595909,1
2662.53,1595,0,0.4860180611697787,0.406052375848003,0
2995.0,576,0,0.8583532898195928,0.6974954101862525,0
260.51,762,3,0.5018644516628399,0.5438913331614629,1
7724.88,1578,0,0.5145624152455279,0.8780761003092281,0
1988.31,169,1,0.3087430816031501,0.04964195752039402,1
1935.76,1155,0,0.8265928603745525,0.026638658667017756,0
685.96,1689,1,0.8438901310306453,0.18854935269555206,1
523.77,1725,0,0.7959045629227037,0.11857657592768178,0
528.29,2974,1,0.9407131438751964,0.5258957727962887,0
1022.07,3531,0,0.9255338763544676,0.20013405158598474,0
3106.66,2663,1,0.9129274132820859,0.016048624660417454,0
811.96,291,0,0.8237979687093318,0.28262205542809105,0
244.06,1491,1,0.7343682572702657,0.5092030377406366,0
1647.26,2664,0,0.5511121229855589,0.714255148052622,0
1832.19,2171,0,0.9504713516583049,0.4383948068849288,0
1366.66,1671,0,0.746190198257212,0.9627143283769121,0
1510.28,1592,0,0.8343609891895707,0.19945266227037373,0
493.73,1482,0,0.7403948834259361,0.5140619843423949,1
239.39,2113,1,0.7992362926088581,0.25318372925503285,0
255.95,653,2,0.8106106907052407,0.806667908684503,0
110.06,1889,0,0.9481731863552547,0.18775846107212646,0
863.2,752,0,0.784798411094665,0.9616010875261423,0
606.8,2485,1,0.6795162306657897,0.7166064956222719,0
409.94,3156,0,0.6040383888956589,0.556865081143555,0
25.76,1853,0,0.704102236763009,0.5323480706677093,0
168.67,1415,0,0.8207117053134073,0.3624702358980706,0
2282.27,3433,2,0.7064030620695303,0.0210260601660045,1
320.19,2408,1,0.6629595179889262,0.915123765919971,0
988.96,1562,0,0.8912612646895396,0.7949373361755413,0
144.06,106,0,0.6349656763495499,0.13485808239841401,0
3237.56,59,1,0.8627211129761746,0.1220796061927556,0
567.69,809,0,0.25657799865196707,0.30810067184861556,0
915.11,863,0,0.527990281139732,0.7631394040991135,0
8590.03,2633,3,0.8567736872876262,0.5031650301867744,1
3526.58,1827,0,0.6217979877617991,0.6542098833633946,0
474.74,3649,1,0.7117569760176644,0.006194279996998842,0
346.35,1973,2,0.5515071909416238,0.9237045481763261,1
464.94,3296,2,0.8310581692548078,0.1656858129544444,1
1165.48,2016,1,0.44227611524145627,0.318901275328512,1
592.44,1308,1,0.6846453834928042,0.9471505651926528,0
430.62,2608,0,0.926961420265175,0.7328935352402057,0
3340.58,1640,3,0.49077122225323777,0.5110667054564781,1
586.62,1003,0,0.9205046543245897,0.8629160143034047,0
8346.09,1727,0,0.9493933570463665,0.061262306715770154,0
734.96,2427,2,0.8675274291456827,0.07629283294386646,1
4740.27,1371,0,0.7020579014866016,0.15516091883403937,1
985.4,2570,1,0.7494644101030439,0.2645710331697555,0
1918.42,3579,0,0.8761083557507234,0.7090296679501309,0
299.74,1501,2,0.7253257268427171,0.5324176291160967,1
260.05,1078,0,0.7336357521196539,0.42604458331483996,0
1102.88,1468,2,0.5617681762678043,0.7825884909340046,0
1973.19,3059,1,0.6108800710016199,0.3171605983617457,1
695.26,653,2,0.6808097900163419,0.08545745889630463,0
161.57,3553,1,0.7725220312885459,0.39676638331713243,0
148.97,1511,0,0.8136579129975636,0.7664112735561063,0
138.4,3072,0,0.5708676087419888,0.47408571517154974,0
95.17,2872,1,0.4469872017724408,0.977147932497035,1
750.27,2860,0,0.5828976100949247,0.856127303583627,1
2292.84,3317,1,0.9387374045795912,0.7909538584492458,1
655.4,675,2,0.945183764087622,0.7731805997383453,0
55.34,2167,0,0.6006073759839613,0.5811240695033141,0
539.24,362,1,0.7616045678166228,0.9011497021105285,0
556.08,1093,0,0.7518707741032167,0.5898721125502232,0
6671.49,149,3,0.4825409429722884,0.37253650678578965,1
133.91,2490,2,0.614272813673511,0.19590137339271807,1
432.79,2218,2,0.6598315267206957,0.8130949130016315,0
4343.51,2701,0,0.813810614944734,0.3711372998930085,0
1091.14,644,0,0.6951884735193982,0.7909032343899806,0
1236.01,1213,0,0.912187230797359,0.9830028202072865,0
754.49,2468,0,0.6908889289328651,0.3987065985080763,0
956.17,3017,0,0.5254634106350112,0.3407412710801251,0
1564.58,3232,1,0.47959281891478484,0.1700927858051695,1
273.03,269,0,0.8611692988589826,0.4753516011377865,0
1747.37,1469,0,0.7839646132805326,0.6540184621162676,0
146.89,40,0,0.45832863315177097,0.3127867371308164,0
954.52,2987,1,0.828412262338183,0.4856656089693636,1
809.66,449,0,0.7559511651306824,0.5370727985015449,0
337.67,3001,1,0.7604806410532866,0.27523734143257017,0
648.75,570,0,0.9638633499787275,0.023511440640559655,0
335.36,57,1,0.9126209243570238,0.21562391753424215,0
204.61,3208,3,0.6645654855349357,0.8031496363123867,1
450.8,1602,2,0.837717474373142,0.27806234313197276,0
197.48,1551,1,0.9508440613568943,0.013821932733225961,0
948.69,2360,1,0.8244279760927624,0.4249486566852003,0
187.71,1004,0,0.8926585391647347,0.6824712412886437,0
1455.6,2521,0,0.8989572421229748,0.7524094396386135,0
181.34,1566,1,0.35400325405615,0.4138983400186267,1
356.76,995,0,0.8735620513890162,0.5718583914867275,0
334.6,1441,0,0.7488537840582647,0.7455082515279067,0
2857.38,23,1,0.8326485473404518,0.8892415023506486,1
956.54,1101,1,0.7515726033339224,0.639899235892585,1
526.94,2159,0,0.7466601076725874,0.6908627678169704,1
1151.24,504,1,0.7600966212253151,0.0986751278287924,0
65.5,433,2,0.8858876743368685,0.4204502876844305,0
634.32,2394,0,0.335673917682252,0.8889588498559174,0
5986.52,1563,0,0.4052085765974472,0.16072005594491157,1
769.38,499,1,0.6881847149705654,0.3099594211347093,0
716.73,2729,1,0.5952590335123759,0.677963564409135,0
1215.54,2830,0,0.7395286956981566,0.9020739639824542,0
1781.42,127,1,0.8116446436482664,0.059040366638059893,0
73.91,736,1,0.848281664662382,0.8704919764154813,1
104.53,1352,1,0.9457217074259766,0.22032271388288116,0
838.25,2669,0,0.7528640627828721,0.8608558109001282,0
302.97,271,2,0.809545013824926,0.8892355649566329,0
2816.44,2940,1,0.8156491268190899,0.7754824253405667,1
470.27,1166,1,0.6511203786270074,0.9238165496022088,1
79.2,458,0,0.8392041885120844,0.9611580889257444,0
164.87,3151,2,0.8419700796699539,0.9251861027480038,1
32.31,317,0,0.8665276161414414,0.5131290702910157,0
514.12,473,1,0.6550074232741513,0.4636767631574912,0
540.65,3465,0,0.7197496507967158,0.1052062599805288,0
417.0,1896,0,0.8606588484770696,0.21609096896280033,0
2179.32,1690,0,0.6801140231902824,0.652365385796242,0
2485.85,2509,0,0.6222437253824701,0.12734182264605376,0
551.46,2300,1,0.9052684238627499,0.9423805295319295,1
63.55,2239,0,0.7839584970329254,0.22704599534521974,0
1311.61,85,1,0.7652717081733951,0.08793098970427471,0
1225.25,2014,1,0.9369840082472736,0.235245311543957,0
934.8,1018,1,0.8677693413089655,0.04891158951707686,0
1957.9,2948,2,0.6716868664050962,0.16608962520040438,1
184.69,1845,0,0.5221898682792648,0.5876840635733351,0
6061.01,452,1,0.8530454433916628,0.2891634385941736,0
231.51,3234,0,0.4284881382125648,0.8011604254881464,0
1516.48,1038,1,0.9030667747906365,0.40473373512574107,0
103.95,991,0,0.7378223882772019,0.7139646102082096,0
239.06,3417,1,0.9057924384459352,0.7082938877287408,0
3526.3,2829,0,0.7047944143578195,0.1357782410084838,0
499.2,3137,0,0.5976739568022492,0.05658138386491085,0
1675.58,2417,1,0.4611983849808588,0.841993989979342,0
863.2,3323,2,0.723331923842472,0.7008510022945001,0
592.62,421,2,0.695857140179972,0.1749809091959229,0
2981.66,2190,1,0.7436389012783526,0.6799918967818687,0
512.69,1071,0,0.8624227019201101,0.3294679796767461,0
93.8,1454,0,0.5546955259850208,0.056754083586309734,0
274.91,868,1,0.7845806149556314,0.22876272759744842,0
1219.64,749,1,0.6470826639174607,0.7558048525573527,1
1027.68,1615,0,0.6763313745251031,0.3907272482893107,0
118.66,3351,0,0.7735259255044512,0.5448620195374464,0
299.83,2319,1,0.6027900413677789,0.13654217927013257,0
350.76,1275,0,0.6003359721035516,0.0926604535362241,0
444.96,1582,0,0.6241569032428956,0.23925223884144242,0
146.42,1934,0,0.4716539058012762,0.4725376487842149,0
333.22,893,1,0.5203108787717345,0.8469911716937316,0
298.43,1902,0,0.7206956577593058,0.7633916163792912,0
1554.15,2540,1,0.7454097486037298,0.1600644113235412,0
1619.76,888,0,0.8344996854062168,0.07147160795158591,0
566.57,2133,1,0.8413217296196535,0.22550774543573582,0
432.14,2585,1,0.7172243556982216,0.8523284847047107,0
775.82,1895,0,0.5939742252468861,0.5158474934721706,0
270.9,1066,0,0.9129199943140145,0.8069025813092126,0
188.38,2024,0,0.9532220885601297,0.36958220093619143,0
236.45,2895,0,0.5673291749367747,0.5904430946246406,0
330.86,810,2,0.6618589206792939,0.594732842911864,0
184.97,2097,0,0.6458654594523369,0.6267280951145556,0
794.94,2483,1,0.6684469322263715,0.47015127463633655,0
1484.28,1174,0,0.9389556326714674,0.23923960124267496,0
116.07,1414,0,0.8350830756138021,0.4284848490939748,0
683.78,3244,1,0.7890688395522099,0.9747584564445797,0
522.21,1327,0,0.5530301726209874,0.27211225136048844,0
968.41,2183,0,0.9190610534893955,0.7248283328516643,0
655.74,547,1,0.7130873395297942,0.944729153338002,0
134.43,3379,1,0.7199760231369229,0.5662556738127862,0
165.9,2178,2,0.8245919534548373,0.4893359845007865,0
687.02,2775,0,0.9812127907313603,0.12083779476226597,0
2062.47,2200,1,0.2925331913589123,0.7532671895481854,1
58.23,1298,0,0.5646821729026161,0.9114910140530768,0
972.92,1242,0,0.8739048413739329,0.9806848153825589,0
2461.64,2559,1,0.7785933704454359,0.2016575010877535,0
562.1,3138,1,0.6450739696463363,0.920055413014621,0
1218.31,466,0,0.8848635445346743,0.370267954375328,0
306.93,3086,0,0.7600121458015523,0.6191525133364397,0
583.3,3029,1,0.6525137738596577,0.2236506362233338,0
111.83,398,0,0.9488766880056858,0.2483897712580323,0
50.46,395,0,0.6993874317766601,0.6189581582599799,0
1876.27,2537,0,0.8607733797150875,0.4848328803581615,0
225.09,3076,0,0.3934494611296438,0.9643983316889878,1
402.99,1438,0,0.594591386368947,0.26446392080502845,0
144.74,2338,0,0.698310899040097,0.8780366618061209,0
141.04,3648,1,0.8966682141848554,0.4604746711915244,0
549.37,1178,0,0.9522974811268121,0.1345540656303703,0
298.11,822,0,0.7650984168301221,0.23912671574423638,0
1008.05,3619,0,0.7157185659285438,0.7556996176096513,0
1094.21,1024,1,0.8067004936501065,0.8266337487643689,0
946.65,1725,0,0.44634739155837977,0.03956333936800582,0
864.77,1614,1,0.9531678201661199,0.4100296365602928,0
3772.7,1910,2,0.7395227675363231,0.4941726504642281,1
205.54,981,0,0.3832464485657521,0.6150333556572798,0
626.14,2478,0,0.6014132594227387,0.6506171415001136,0
2312.21,2526,0,0.5925606423371863,0.8305587358615922,1
2673.1,732,0,0.8243520331582143,0.2733895638338605,0
139.22,1755,1,0.8787722553584141,0.11192813226438658,0
471.73,210,0,0.8983784015144275,0.18648677364081567,0
2962.93,806,0,0.7762327781859537,0.9368462311659346,0
1163.15,3603,2,0.5571086673386587,0.5466821284782544,1
824.51,1848,1,0.5462140145655308,0.21909489239905444,0
523.51,2273,1,0.7326471998100923,0.7858647725986594,0
436.08,3244,1,0.7354928700951024,0.5870074005125802,0
913.28,2605,0,0.9081896768192824,0.3673277989830701,0
503.91,2892,1,0.5412494213393912,0.018302530195462685,0
634.71,2599,0,0.9529442862175733,0.7827864603768787,0
725.21,1821,2,0.7782714134268622,0.7174415658633946,1
315.49,2309,1,0.5875658120961171,0.26210665167686,0
1194.33,1053,0,0.912952677902525,0.2656199741033253,0
16410.38,3250,1,0.915168061166008,0.2714880295057628,1
94.19,657,1,0.8800426489048251,0.6704197797542557,0
949.95,3227,0,0.5039712521035902,0.29417728391330056,0
288.24,3206,1,0.7071400105995143,0.3103627550319803,0
1255.32,520,0,0.9966832273733516,0.37661899389099907,0
700.09,2592,1,0.7090508668982878,0.9802013262726759,0
1537.7,3612,0,0.5120992059982838,0.4600984069413755,0
2423.72,2088,0,0.8743877601119968,0.3773753553216572,0
821.94,1242,0,0.6989120039586665,0.47002297764439704,0
2310.59,3210,1,0.6597922290533855,0.719203504846846,1
50.46,1871,0,0.6042326939032986,0.8836907352995232,0
3825.7,445,0,0.5714712469616731,0.9908018162483887,1
1004.82,910,0,0.6712564472672423,0.48606422867011434,0
2176.84,2491,0,0.5437103304096907,0.4601430339767252,0
173.84,1662,0,0.8294818625958736,0.3303115835933559,0
266.71,791,1,0.7690583747630154,0.7790926146281145,0
780.97,2916,0,0.4751649343312059,0.6555861679982766,0
652.79,440,0,0.8991780859108799,0.36336451357279753,0
908.12,800,0,0.6817387281073848,0.5185416815963014,0
2192.87,1700,0,0.45070776256308676,0.20582077328516402,0
95.42,145,0,0.9242560911174376,0.6939936486309771,0
1941.47,1414,0,0.8284632886867198,0.25212354711352714,0
671.23,3321,0,0.5910066142204685,0.3495460690225596,0
531.57,3435,1,0.46527246235952846,0.06811858069172871,1
131.86,3182,2,0.625011132109533,0.2198704379498816,1
1156.73,1183,0,0.8190634397308969,0.19488255082488215,0
46.73,237,0,0.8215562553453566,0.7353066835078935,0
1357.27,2974,0,0.5085891899221283,0.6944677884398144,0
128.85,1363,0,0.7994198376876417,0.5381438088549196,0
705.43,2733,0,0.9278605313621346,0.3870565114697616,0
583.42,435,1,0.3662209583013958,0.8894131195875818,1
2407.86,2438,1,0.8826717216425131,0.8840833477231488,0
546.47,2140,0,0.37339599702538856,0.6028351731989833,0
309.96,3359,2,0.851264530233948,0.65794804502345,0
380.98,372,0,0.5649882032443028,0.7964507056902602,0
2697.74,1489,0,0.9173998129999206,0.7227749586212375,0
1199.82,3613,0,0.8115553586712324,0.22490148218758077,0
435.2,1422,0,0.6102825691269032,0.5033607016961573,0
512.81,2402,0,0.6914242626400705,0.15188590370172406,0
118.64,588,0,0.5470262625702622,0.809380853490498,0
1019.76,2658,1,0.6706285474763203,0.6535768638490941,1
95.99,1007,0,0.8928109077278757,0.9790912174772503,0
1520.78,2089,0,0.49831650138032374,0.136509686436462,0
766.23,3211,1,0.7773813076486362,0.5101476846734042,0
9187.94,2413,0,0.6348906301806664,0.7240103382613757,1
198.31,1732,1,0.6746425901615802,0.8673423325358515,0
594.11,694,1,0.6697204183016802,0.8533977312387963,0
4808.38,1246,0,0.7465009753562881,0.20199946042788697,0
2466.43,3100,2,0.5009347936728311,0.9823209386598686,1
309.26,789,0,0.7222513242062395,0.9813427876419994,0
850.96,2395,1,0.46037375118724205,0.9690586478315735,1
666.61,1770,2,0.7681700508499334,0.6136128096955982,1
907.01,1171,0,0.5055489723635973,0.8319352584738386,0
308.42,2616,0,0.5839244239650012,0.07603360770080447,0
602.9,1322,0,0.49120376550712075,0.2554604167081139,0
114.68,1047,0,0.8016163790802446,0.09199590046689088,0
771.73,1932,0,0.7701110993348137,0.5055607170423029,0
1091.19,2765,1,0.9134054431708418,0.9647301595111575,0
517.93,3154,0,0.6129418248312455,0.6491707502322052,0
112.56,2299,1,0.5221400025174733,0.4612521170229331,0
1973.15,2416,0,0.709436018854973,0.7928357359327023,0
993.25,2874,2,0.6900858245376951,0.5503362035325255,1
299.28,983,0,0.7343348886276178,0.4576476669503954,0
488.5,916,0,0.6791013758363798,0.6293281810183619,0
127.65,1767,2,0.4904418062176215,0.5118006868657011,0
215.3,2303,1,0.9432178683495487,0.641545212392968,0
368.12,2358,0,0.8083327841511938,0.8026370207544916,0
2568.98,561,2,0.513603274640302,0.4624185115456131,1
329.16,2849,1,0.7205693009338467,0.41502124870996493,0
1345.12,1328,1,0.8226472853017407,0.5586655372613355,0
367.92,3202,1,0.7879607578585255,0.9047536341108595,0
873.7,2644,1,0.6157618922742456,0.42298228375891,0
569.33,3587,0,0.9737770619787454,0.8477497199876857,0
1737.78,2305,3,0.7384146427164924,0.6171628705814465,1
369.34,1925,1,0.7839276311230229,0.012397146592553865,0
117.95,686,1,0.8035509988665149,0.47620257154743195,0
145.45,1455,1,0.5397521582900072,0.2105354279555487,0
370.53,3133,0,0.43854119120604135,0.15036636007554371,0
168.35,1395,0,0.8811806060414656,0.23443788632198959,0
1044.44,195,0,0.8283428566958607,0.7124193471528398,0
398.48,895,0,0.5602762897602716,0.6273827248993503,0
9064.01,2172,0,0.796872523319137,0.5368531283320513,1
98.35,2296,1,0.7825256890376497,0.4952685404199474,0
832.14,3590,0,0.8098264549232735,0.3891780058269044,0
192.34,3408,3,0.8653510361993684,0.886567895380967,1
386.55,1940,3,0.6631633558110369,0.9324542380662963,0
777.09,2024,0,0.6115097018668069,0.7644377975378303,0
51.53,2922,2,0.7637108822904377,0.2882245464984926,1
863.08,178,1,0.6940977104073291,0.91386408243174,0
5394.84,2172,0,0.40798980552450065,0.8191353767873587,1
403.92,1730,1,0.30717352826663286,0.12402644274421581,0
885.18,2858,3,0.8948108827654014,0.34167755077213824,0
2053.73,2921,0,0.8266931740637037,0.32760593632909507,0
555.38,2393,1,0.6092705387365559,0.7300467811702278,0
351.06,2399,1,0.859732959162672,0.523898560589964,0
54.42,2522,1,0.7406307491213875,0.2668845843474166,0
1346.27,2117,0,0.7948089726325217,0.23079461692174763,0
587.29,832,1,0.7538971242062559,0.4575050431004498,0
218.34,1039,0,0.6998528644349913,0.6659570297612809,0
764.53,2707,1,0.7502132577746532,0.5087259341077147,0
350.01,2257,0,0.9287587605873724,0.26103350931933655,0
371.94,869,0,0.4524069209193288,0.6199850709663753,0
1295.85,3204,1,0.46774827967916777,0.9989123077162025,0
152.59,3579,1,0.5592906758874596,0.17666875125501091,0
2104.95,2285,1,0.8283561040941995,0.5283995756843428,0
142.96,832,1,0.5812942298079479,0.37565612997151165,0
320.87,3424,0,0.9486761234258313,0.21841588249532495,0
5515.08,864,0,0.8511670474956338,0.8754922291417628,0
2298.68,1579,1,0.854922105113371,0.9577705025003712,1
740.53,3134,0,0.7308220145803146,0.35019578254451833,0
236.37,1900,2,0.7676188836011573,0.34729058129689616,1
371.59,887,0,0.8465490570074219,0.09176208515615525,0
720.97,293,0,0.9023986217061704,0.6177532158219615,0
693.17,1317,0,0.8405717096962703,0.026545356900964268,0
601.87,2453,1,0.7769118994217734,0.4962104186333234,0
642.96,2608,0,0.9628032286656588,0.1528145326794621,0
525.41,814,0,0.3614948670492272,0.6723182846529213,1
136.16,580,0,0.9242052121018267,0.9289100941300574,0
376.85,2560,0,0.7341088579557347,0.08878268842299275,0
1819.08,581,0,0.4860704946560914,0.7777404808096422,0
147.65,235,1,0.6874307092585148,0.8305681027748816,0
539.96,1775,1,0.8409783410025136,0.1762063071890656,0
269.96,2084,1,0.6134420303222928,0.9226423016320422,1
751.81,890,0,0.7645977396048453,0.6209178393888325,0
433.77,771,2,0.5355831529959052,0.5349369415029096,1
3378.32,860,0,0.556056978473017,0.6714125047823867,0
1161.24,1251,2,0.8018551288050055,0.2881091347015847,0
157.12,34,0,0.6612813847586212,0.02541086673122006,0
1391.8,43,0,0.5144824323164767,0.4420512236420855,1
283.69,1352,0,0.6278381785106206,0.7433464037050186,0
352.59,73,0,0.9178293119771384,0.9186503926223129,0
939.36,1162,1,0.7940108852523867,0.4301038172980367,0
387.25,2120,0,0.7731720131628869,0.2636476916017445,0
1776.04,114,2,0.8434286888047896,0.13129550277993207,0
283.73,2255,0,0.87222535820898,0.9354943347735447,0
336.69,2267,0,0.5682667014968437,0.23094507587862012,0
323.11,2093,0,0.8840993644602482,0.9110712323530119,0
357.02,2287,0,0.7457225253555824,0.1837562035616559,0
2228.56,2953,0,0.919123376917088,0.018132739165049316,0
1328.33,259,0,0.9197374618505095,0.2242203254248294,0
4363.1,617,0,0.7043157371729798,0.49278953688029825,0
8057.9,1157,0,0.3479840640708159,0.34870499505975805,1
214.05,2511,2,0.7329044105136571,0.9077207365843712,1
718.71,3185,1,0.7271745919401207,0.5450845367281615,0
182.4,3353,0,0.8099422539393059,0.11776948602000026,0
282.77,2125,1,0.5069992108940726,0.625331986625738,1
332.59,1497,0,0.8862715084216823,0.3889468513095383,0
207.92,1504,0,0.9268637517648802,0.67894134540245,0
209.12,219,0,0.6882360117568241,0.7861766965651602,0
567.53,1698,1,0.9359434657733128,0.9855514449666272,1
174.45,1872,0,0.9040433709634024,0.5766460587805704,0
1679.65,761,0,0.9593132381737003,0.3667506703684432,0
242.37,2803,0,0.7281863516195375,0.4336003514769675,0
14625.56,2963,0,0.9346756660131511,0.4026217439661841,1
404.83,1103,2,0.8136978646002169,0.45053733205826807,1
719.98,3336,1,0.7969705258956534,0.030058668594975524,0
159.99,391,0,0.7652823204670579,0.24732823872184584,0
4344.65,3324,0,0.8020594934542531,0.987760804467835,1
2278.91,2803,0,0.9677296129929398,0.9280145271270035,0
922.06,818,2,0.609416541026317,0.04828896742056188,0
151.19,2373,0,0.4878211813079132,0.9795808776675899,0
838.6,1134,1,0.9833547928980411,0.791954162636307,0
193.72,2919,0,0.7814931891528051,0.0027471261375608957,0
3322.89,587,3,0.7637302106812387,0.913463555213852,1
1619.89,894,0,0.33853918652474385,0.9603692313138422,1
738.77,1121,0,0.7107614044630186,0.6287580180678572,0
45.6,729,1,0.8868511916525993,0.788329001777724,0
225.48,1215,0,0.5145715533949548,0.332531655406462,0
1417.34,2199,0,0.9559002541394492,0.572321261548915,0
2525.44,2311,2,0.6168993342332338,0.7315499491381177,1
2253.16,2022,0,0.6998743630266802,0.5612608927326408,0
115.44,693,1,0.3263947404682676,0.30460507362561884,1
926.77,739,0,0.6768943127467822,0.6492002713045584,0
2032.59,3355,0,0.5823481555036314,0.838418925587998,0
107.32,918,0,0.3691588559397665,0.8360082148526288,0
659.38,377,0,0.7404259931595321,0.13217096693032726,0
898.95,1657,1,0.6885175011922672,0.4454207961818366,0
477.78,26,0,0.6694683343718809,0.038739223018102065,0
86.71,1251,1,0.835085293827337,0.632766644436895,0
464.86,3120,0,0.8256494812242704,0.24216221484129075,0
464.04,976,1,0.8771503116758548,0.9303548380411819,0
565.17,2569,0,0.7939631080186496,0.6182559427444095,0
357.87,1788,1,0.8968775609026917,0.40061761474237423,1
408.58,1297,0,0.5134290339920198,0.731463189276687,0
636.72,2415,0,0.8635009611292427,0.2073916951501703,0
1082.14,2173,0,0.6006387924329609,0.091431805858599,0
475.86,1162,0,0.8803458952859117,0.08738153077452415,0
423.85,816,1,0.6312061902046028,0.5828051598478533,0
736.26,3346,1,0.976773653737886,0.888868545674155,0
80.4,615,1,0.7204202005259893,0.22275810478190317,0
1124.1,3502,0,0.9048249847202499,0.7600483857611376,0
664.73,1720,0,0.7181201899859678,0.03762352568368055,0
694.83,3638,0,0.5896070038746617,0.35334007319765726,0
1913.73,1289,2,0.6806978337052115,0.6537165095580695,1
77.63,2064,0,0.5773925245721917,0.8262505625786928,0
75.85,2245,1,0.4996820849408544,0.9431917804288561,1
898.91,1236,1,0.6953169611463036,0.6325703649591,0
659.95,797,1,0.9324070264263395,0.46267423256219886,0
802.07,1899,1,0.48536932163738283,0.06063639201793691,0
400.08,2420,0,0.8869939226900075,0.27564764684121745,0
1381.31,954,1,0.154937217539064,0.9231118058218843,0
1855.49,2799,0,0.6578171730652712,0.5828965430802117,0
1132.72,2332,0,0.3189818851754157,0.3426772883168314,0
499.24,609,0,0.9012110363938431,0.24881687333831148,0
65.47,3426,2,0.979608123893567,0.11365702768765606,0
1550.23,161,2,0.6249049564201685,0.7516049785125594,1
2550.13,2386,0,0.808114034751398,0.41237613653830874,0
1351.56,1605,0,0.6822268928179474,0.9365493653756093,0
252.75,2386,0,0.8141868765117597,0.45439171119565513,0
1395.73,2825,0,0.9472875713374913,0.8183765635964552,0
1714.0,2508,1,0.8303961561014824,0.1302376232438106,0
3694.86,2375,0,0.8801090247210318,0.15090762727671447,0
253.73,3069,1,0.7410522923900666,0.27321191474212825,0
518.48,2562,0,0.6209347625064321,0.19123465943193996,0
1513.23,2970,2,0.6162421375203905,0.9767405872568806,1
708.5,1470,2,0.8394461536155663,0.8081417506561264,0
194.6,741,0,0.8870280827744936,0.3484122433939153,0
1049.51,858,2,0.6309126454060006,0.5198231571720876,1
1257.06,2234,2,0.8958801871080659,0.533248116768228,0
732.72,1941,1,0.8688714706633537,0.6072090549966979,0
846.87,282,2,0.6386131628535588,0.10361674783288244,0
500.41,746,0,0.6351107794791621,0.3489801650180715,0
3381.61,3531,0,0.8526136844206231,0.08592979946337098,0
246.96,2651,1,0.945227588091074,0.9190652186702755,0
348.61,2755,1,0.8389605792525242,0.4034538736100931,0
673.23,719,0,0.3965504671376241,0.7270170442447711,0
1749.09,235,1,0.5749644693507225,0.9208264095042292,1
128.11,1063,0,0.9655931626263086,0.30943732607541297,0
157.38,3127,0,0.5234904638096446,0.08784919541067826,0
70.7,1849,0,0.9770793429655144,0.33621624490630797,0
689.5,2864,0,0.7370848119088186,0.6709875423025903,1
194.39,1777,0,0.8432163108419455,0.4997974665026429,0
435.72,1789,1,0.9614349916416477,0.0749535678324138,0
1376.8,2193,0,0.8428759860118072,0.07019623675586573,0
328.42,3500,0,0.45302250970241426,0.6995616051579987,0
857.83,1597,0,0.6472820665169976,0.7365453390240077,0
478.53,2174,1,0.7988769060863904,0.10950778094383895,0
1393.15,3356,0,0.9468411398025413,0.7947178923331458,1
1121.75,1359,1,0.488839181134745,0.34555912071574424,0
310.71,3065,3,0.9534475896696427,0.06820913813738372,1
552.52,1953,1,0.5550782966466551,0.3338610391220641,0
2096.7,3208,3,0.762374162394644,0.7304751087964345,1
1025.27,1708,1,0.7236936893320433,0.655778239082237,1
143.07,2298,1,0.8439111375996718,0.48147087739845396,0
1368.1,1180,1,0.8467756443432856,0.2796526799758937,0
201.73,2318,0,0.3052830113071472,0.4179311826774307,0
3145.61,1191,0,0.7080206544153107,0.3816106805228784,0
2051.87,2223,0,0.8157359050979616,0.3900227241533182,0
914.95,2879,1,0.8830969340296968,0.48969295041392624,0
790.73,1587,1,0.4516057152959389,0.45528383768133074,0
528.51,1567,2,0.6223695195037566,0.10246890571915235,1
1403.01,1176,0,0.6026417506265194,0.2901695661811572,0
442.37,2666,0,0.8944175094484201,0.1291092958850487,0
861.89,2161,0,0.7716391454173691,0.6020962145868376,0
1735.63,1885,0,0.9502702113414218,0.4228150170999072,0
358.53,94,0,0.8729215170671119,0.6719257079368965,0
337.71,402,0,0.33849088369404984,0.08760320183835335,0
178.79,28,0,0.47026388726911045,0.3449090727761731,1
206.25,3103,0,0.4701366062484289,0.18035173700024165,0
89.01,3108,1,0.8433682568090012,0.09208771451295794,0
1484.47,248,0,0.7932097664907763,0.7734467791054461,0
4864.92,170,1,0.711506217247204,0.13093662133056683,0
3190.27,2852,0,0.8386682582612575,0.1749149180732571,0
111.2,1915,0,0.8031885618877287,0.36677769871169097,0
1476.37,1128,0,0.8536016337209471,0.29276279010840556,0
3178.98,2245,1,0.8422814902955222,0.9198186883778418,0
402.43,863,0,0.5996983593420178,0.988646434951084,0
743.67,724,1,0.8164036250790841,0.4224007013793546,0
73.06,1341,0,0.8806994373122408,0.20113483407963106,0
891.95,3269,0,0.9087765418109658,0.49811168629282976,0
206.46,2800,0,0.5145202177764429,0.49566860373586086,0
828.48,694,1,0.8762624734182052,0.46603863944845314,0
119.42,2050,1,0.5788506869713967,0.020336228853204963,0
1208.51,3228,0,0.5726143707361331,0.12837695446753306,0
2052.81,3473,1,0.7397477754349339,0.1410085887203717,0
281.04,2785,1,0.4978929835328828,0.3517611015705041,1
190.45,471,0,0.7820204405738869,0.5807878688978055,0
62.08,879,0,0.5703002016375894,0.8778435272720354,0
496.18,798,0,0.6320219102136502,0.22335618760704345,0
350.81,551,1,0.8317493158984679,0.7712000578102077,0
120.77,640,1,0.6846336604303115,0.2262078593622927,0
1094.79,1154,1,0.6051236117162564,0.03261670129689753,0
405.46,2028,2,0.44458621923221464,0.6498583319091581,0
203.71,1453,2,0.5194971855564888,0.21463293077792445,1
361.39,1536,1,0.7006133964732413,0.919655008340584,1
2161.23,897,1,0.4721327937273995,0.9334194137990794,1
1291.08,552,1,0.8978796620897537,0.10503178801223467,0
576.5,3645,1,0.952979775473875,0.19471868012562754,0
1314.24,2186,1,0.628170271362105,0.21041360882134663,0
185.49,839,1,0.8036712157245524,0.9114385061704688,0
689.25,2956,0,0.5924979032269112,0.07802380552595789,0
782.16,3031,0,0.7414825384699377,0.7511680373897952,0
396.7,3528,1,0.7884309353097781,0.2877046269885599,0
1073.85,581,1,0.6316472504806291,0.5824345614041,0
281.89,2336,1,0.577330758734486,0.1772820579041705,0
1165.38,3577,0,0.8101243113289857,0.8065296576573331,0
1220.54,2944,0,0.9807617532109711,0.6707719409064725,0
26.87,823,0,0.7091937321244255,0.021146737883997235,0
2463.49,3259,0,0.5217118017717205,0.23713255426886404,0
23.28,1539,0,0.9454312488588594,0.4663502630004729,0
337.76,1785,0,0.831427830882405,0.5311754517496307,0
2054.7,2039,1,0.6732606248348061,0.8272714796682578,1
469.18,2815,1,0.533395432883536,0.3869645730756247,0
132.58,439,0,0.6761073276391133,0.9268444063068336,0
199.71,1968,0,0.8218729895118639,0.1938854012996727,0
2058.22,2981,0,0.8299765055218735,0.8577129827876891,0
80.35,2002,0,0.7312433582176562,0.9042995300255143,0
2302.82,1003,2,0.7052974582058936,0.6266869668693824,1
626.02,206,0,0.8400712637407632,0.9675238085125817,1
179.18,2005,0,0.41832765837445873,0.41058729628282586,0
350.22,2567,1,0.9013164005309068,0.69928316343344,0
217.25,2006,0,0.6282211891488179,0.010097679588481512,0
1724.77,3574,0,0.5103696417451108,0.27468045426109544,0
1488.72,2200,0,0.6921980153595806,0.5663690063289538,0
100.38,1855,1,0.6894318260639378,0.8759337610379166,1
426.69,203,0,0.8466291866289773,0.9529256725411923,0
257.37,2039,2,0.7387999328992312,0.5794333724588606,0
2759.66,616,0,0.6997125791434943,0.8558705332582608,0
150.64,2645,1,0.8726054244719877,0.7992324090795168,0
3884.12,589,0,0.897446050858907,0.7736739890950626,1
641.22,3309,0,0.64237375114897,0.11145869430160837,0
185.28,1103,0,0.514082973497066,0.4786389948397074,0
315.77,1584,3,0.8533712883177875,0.48625947300100947,1
275.4,529,1,0.5204770691538884,0.7874582336376977,1
163.68,769,1,0.4185236550432103,0.586107512388882,1
738.27,3365,0,0.725940672103269,0.8198526999712261,0
172.31,1036,0,0.9295873188937787,0.9564505796207275,0
60.44,1872,0,0.7447169937518814,0.5546638539639083,0
438.06,3582,0,0.619177254154743,0.7917110337948089,0
91.55,2276,0,0.956282576905764,0.5605599864216361,0
290.8,152,1,0.8717610370645472,0.6257026805036172,0
244.69,1305,0,0.7197400359587045,0.47600632721062097,0
255.1,1412,0,0.6252996890731375,0.9595953637686695,0
6009.28,1009,0,0.49918066548920165,0.8175773082529524,1
707.72,881,1,0.7278840242606701,0.751941382025116,0
871.23,1837,0,0.5521034492967202,0.3295833252293262,0
94.25,1376,0,0.6882244881230661,0.4854149907555918,0
323.97,1074,1,0.7830788410101233,0.862908974726518,1
842.89,1507,0,0.777650616064112,0.936383237105957,0
215.51,1254,0,0.7877110195412714,0.9975500104548461,0
1806.0,835,2,0.5968506824589926,0.734429239965416,0
177.16,1653,0,0.47918658608327375,0.730838552368924,1
485.41,3439,0,0.6543080632612267,0.09387535058789742,0
349.09,1846,0,0.48315762152566116,0.7515408327341727,0
796.92,2181,4,0.39525012583110203,0.3467413145506387,1
328.8,3592,1,0.6071329652581713,0.8646235357988866,1
493.74,2240,0,0.4098859105204047,0.011250779098934793,0
512.99,815,1,0.29755275853183255,0.934385641909028,1
296.54,1455,3,0.9094415873444242,0.4838808404408427,1
1134.11,1781,0,0.5404993204911506,0.12795575515371527,0
864.57,1733,0,0.741253797213561,0.6009985838637976,0
603.37,546,1,0.8071027049667701,0.6920358537778812,0
414.26,387,1,0.8786003416717884,0.779798316743565,0
1597.51,1278,0,0.526253125319491,0.7018475227609069,0
513.16,3337,0,0.8216978745141231,0.5533752941362293,0
474.68,2618,1,0.93320650682903,0.08194402526686617,0
746.32,3072,1,0.8948984220425485,0.8628983754342697,0
4299.46,637,0,0.5620129659815551,0.9834044943568957,1
152.26,1512,0,0.9134885026272759,0.7780069860682399,0
1551.29,2122,0,0.8905992172815738,0.03474217541977298,0
82.89,1585,0,0.8121681601256728,0.7556978754244337,0
844.72,1521,1,0.5852939878870602,0.26964103688609176,0
3761.57,1313,0,0.6794073650507825,0.9621001848262907,0
1138.58,189,1,0.8594654246274805,0.06350756001430813,0
802.46,3129,0,0.8741596525251887,0.09225839282971338,0
359.07,3405,0,0.8039954752235755,0.18137033737434483,0
688.25,296,1,0.4736487851070248,0.7531581109511633,0
504.08,1510,1,0.8491479478227147,0.6514049622081317,0
280.18,1890,0,0.5234646679235205,0.727236705498378,0
483.54,2861,1,0.29190109012358234,0.35388424414210373,1
827.34,3601,0,0.5832438879026214,0.8795757568449547,1
286.02,1520,1,0.49578980338525086,0.4462560762160065,1
273.99,2733,2,0.7422730914766932,0.1341144420508762,0
148.97,3421,1,0.7421932022996978,0.7674740373334277,0
1022.29,3030,3,0.8241753794293861,0.5295383772148875,0
1211.79,1060,2,0.3778135544775687,0.5934110104971742,1
858.19,2984,1,0.5688304860920046,0.3851208122579346,0
1923.09,1505,1,0.5521149535617121,0.7107195401195431,0
732.64,64,0,0.673591080331653,0.03556795421892667,0
1023.73,2770,3,0.4299385609943837,0.4911757657342978,1
929.1,3049,0,0.5429430117492337,0.4271585769686582,0
601.43,1255,0,0.9068069909905474,0.746478031646085,0
370.96,1646,0,0.6501644659111777,0.2658692094884929,0
7597.45,1330,1,0.7425821832794519,0.23371143188602184,0
404.58,428,0,0.7898040894031276,0.31983227059134256,0
319.75,3631,0,0.8382696677308314,0.48054359060965357,0
1072.14,83,0,0.9345557331443471,0.2098773989437428,0
877.47,2028,2,0.46674346766387836,0.6842070135584446,1
141.84,55,0,0.7400331534372135,0.3316112603307205,0
2286.89,2516,0,0.8635708429744382,0.42152720654985454,0
599.67,3288,0,0.6381399088028937,0.5575934270864206,0
195.97,2348,2,0.8574837965082531,0.3768753343162067,0
2459.37,2212,1,0.92520635904389,0.7012270688647932,0
1323.78,3022,0,0.8624646950198492,0.6561951981172588,0
165.51,3555,1,0.8649371423887127,0.7568348854931525,1
4698.04,3145,0,0.7054384543264451,0.5230045777824729,0
1372.9,845,2,0.6275441193300535,0.3674218545507728,0
657.72,2056,1,0.40940207314019667,0.20112771105284377,0
3824.72,2988,1,0.6517859518256034,0.436886112565931,0
792.53,1075,1,0.615597471232801,0.8730146783529794,0
644.91,2464,2,0.7359237024312016,0.12102609881243853,0
321.72,84,1,0.7412753353090827,0.21540175606290934,0
1261.47,3202,1,0.5641060979612004,0.6652458086548234,1
1123.57,2242,0,0.9532291052880199,0.574951696501963,0
675.97,2712,1,0.4034695509333868,0.9161855261615514,1
278.95,3013,0,0.565776640968424,0.02903327145540313,0
767.33,799,0,0.47377302559542034,0.8785162863972618,0
615.98,1645,0,0.8906313532720258,0.7254899192277945,0
153.42,3134,0,0.7882456551389301,0.7755166871290418,1
131.76,602,1,0.8017894206597067,0.3786670792635153,0
1238.52,3002,0,0.9501297314251763,0.3073252235155529,0
38.01,1052,0,0.7058205501434746,0.014377833984408839,0
833.76,2101,1,0.8665837220955933,0.7874051644805554,0
393.12,1861,1,0.8504513014914813,0.1615532153864534,0
2804.75,2506,0,0.674962615902414,0.22612917493944718,0
386.52,3054,1,0.85959291429355,0.27656144744680533,0
1373.93,1274,0,0.8616573964121574,0.8696743240191283,0
429.83,627,0,0.7977946739549996,0.28790039715512217,0
753.8,1543,1,0.6625520110184179,0.42568323338090797,0
1495.96,2234,1,0.5384039750742179,0.7473445232523489,1
399.89,2739,0,0.8216088120926749,0.8922710007733372,1
1990.64,2750,2,0.656685747629817,0.7911825270571453,1
222.95,1241,1,0.9657091173957983,0.5354138668561839,0
919.7,3416,0,0.6575336607634243,0.0021791983273001803,0
1835.19,304,1,0.786970286231772,0.15784227968384978,1
1374.77,426,0,0.8555324343596343,0.2536027692075433,0
5475.78,91,2,0.7310250568843121,0.4137655539955445,1
287.21,3381,0,0.6103412307465897,0.3621896146249419,0
145.9,658,0,0.8399346549417788,0.5144063432090471,0
222.79,2195,0,0.7552401849339869,0.4120275276349534,0
1375.38,2967,1,0.82875154612556,0.7260667042259646,0
1150.23,2798,1,0.6306120196784633,0.05223070860931511,0
744.33,3463,2,0.5498682632946119,0.9947281758729101,1
193.4,197,2,0.5018604630011942,0.8430588525372795,0
1546.2,1486,2,0.7105256591855481,0.33496666723848245,1
172.92,1847,0,0.9451709003661152,0.39680210827191853,0
2379.97,2541,1,0.7676437529253846,0.9637067093535552,0
15416.32,2272,0,0.603831541114718,0.9358042932210331,1
995.35,2044,0,0.5325191278902738,0.3931735655414771,1
1263.22,1120,0,0.5751698539393377,0.059615828773594504,0
386.78,389,0,0.7048147842700145,0.9879663667676609,0
90.81,1576,0,0.7146763219660671,0.6537533802963228,0
342.75,948,1,0.7877983072947232,0.6930018104323753,1
199.9,2023,0,0.44279075805491286,0.274595461081651,0
135.41,2909,2,0.6932717291791554,0.8187044697438044,0
4423.1,2017,0,0.34879087834853867,0.5574818763578235,0
897.98,2128,1,0.5678914175336947,0.4702423338220346,0
1009.95,153,1,0.6188876830104519,0.7412019909396749,1
473.46,2353,1,0.5657761219848929,0.3718994758719565,0
549.96,1604,1,0.8522176336997718,0.4294048178686334,1
1921.78,452,1,0.6027431907971686,0.6523268280074226,0
641.9,781,1,0.7974075650671745,0.6395864201274628,0
1192.45,2849,0,0.41209218965901023,0.9711859670139776,0
536.14,3346,0,0.7138825922897182,0.5628513092678523,0
456.52,1853,1,0.7009933370106441,0.32098544928638073,0
141.51,3564,0,0.5008773665325369,0.28743887746973573,0
75.53,657,0,0.9089471876645264,0.5340190064036873,0
498.84,1094,1,0.6722509171416359,0.11955894180325266,0
707.79,3394,0,0.6870039850632111,0.5880989082420489,0
161.62,640,0,0.7079409290472292,0.39025494078240774,0
640.39,2407,0,0.7401607071157873,0.3519970785172897,0
705.66,801,2,0.48448329359767367,0.1924773540107777,1
62.08,1209,0,0.51329237171296,0.49541336243506595,0
243.07,1744,1,0.8068217221490563,0.037632941221180105,0
1041.06,1314,1,0.6543629470623318,0.6071839258499193,0
1018.17,3192,0,0.9894009282723925,0.28554908427731285,0
186.97,3550,1,0.95117259337139,0.905070026622371,0
791.79,1825,1,0.7233743432776228,0.5263618948151989,0
2048.06,1917,0,0.764848194468226,0.7805872370179019,0
1563.65,203,0,0.929967146621853,0.8511888625106322,0
598.95,855,2,0.8168807883261104,0.8789831818210401,1
397.51,146,0,0.7235887030638144,0.8706309899409386,0
332.86,3126,1,0.5876652176545054,0.2254687363816843,0
1112.76,830,1,0.8639157113229028,0.30331555067844085,0
824.37,1243,0,0.3547858704531991,0.7079381118989374,0
1329.22,3076,1,0.7150396188916845,0.5376183874888641,1
768.98,2603,0,0.9588924364849318,0.6093322878257499,0
1637.03,2268,1,0.6398424684646474,0.6777293149887107,0
738.08,141,1,0.9369034012289544,0.11425261497651196,0
1576.81,2055,1,0.9132157824296653,0.16830643924777455,0
1733.51,2047,0,0.6579738199590809,0.6378362250496765,0
274.52,1164,0,0.7235768095050037,0.6253713198638655,0
91.02,2719,0,0.5106832505994974,0.817431613228366,0
3633.1,3392,0,0.7429257317055625,0.6937818392545928,0
882.12,946,1,0.9402404741468017,0.2076766374135396,0
100.89,1209,1,0.8264268890519214,0.07007236702124242,0
303.32,1177,0,0.7087878184118412,0.3910247725815206,0
1554.74,3047,0,0.7289747091371429,0.37127234786744634,0
489.0,284,0,0.4907110196589042,0.767416034692171,1
378.7,3270,0,0.8138195014217011,0.6714833576228252,0
3105.62,2829,2,0.7843584894880941,0.8722024580999953,0
210.18,1764,0,0.8435476167541935,0.504261779426816,0
276.45,2130,0,0.5728739502318511,0.288699079009644,0
839.26,3264,0,0.49438153333986967,0.5042503745494304,0
1021.98,2810,1,0.5987078986387314,0.21550201255740853,0
1148.23,1011,0,0.5882047070162628,0.06053060753336903,0
1812.32,184,1,0.35762092280747787,0.4996830512261162,1
827.52,2403,0,0.6581382908021228,0.4136051140688345,0
1139.47,533,1,0.5594337259410975,0.032229053315675604,0
500.13,321,0,0.9341023884995443,0.7212737470356657,0
712.63,3585,0,0.5114261597588817,0.6443511240458693,0
748.66,1730,0,0.73078993192092,0.07380217033062664,0
842.7,2375,1,0.8670824373306818,0.7100235765609922,0
1555.88,794,1,0.6292671077369546,0.08282229535556163,0
1224.96,372,2,0.4993634367893858,0.5176566330502248,1
698.29,230,2,0.8558296474274295,0.6222468596171504,1
273.13,1294,0,0.8175267417108087,0.49898554954696817,0
716.54,14,1,0.5499435533429968,0.7474058621288985,1
644.95,1533,2,0.4472175621989088,0.3855666219401892,0
822.62,1186,2,0.5199469999331067,0.2129555707712557,0
7533.97,1923,0,0.6714894611207679,0.4864079820317906,1
373.85,2152,0,0.810735669691038,0.3422369352338268,0
1058.4,1126,0,0.5454103911334591,0.15127635000438033,0
2154.49,1662,0,0.9701001341016126,0.47108344815479086,0
740.85,285,1,0.743840345855108,0.20143040248352728,0
8704.8,1102,1,0.5906017029204145,0.4702962013596228,1
438.85,3570,1,0.635335592649553,0.5925280219913311,0
950.03,3617,1,0.7150131924935504,0.7821976089329901,1
276.25,1773,1,0.6465508698983687,0.853165984471973,1
451.84,3429,1,0.2871168580309369,0.6681633079424325,0
874.65,1830,1,0.6011995879384723,0.8935421949955323,1
1687.38,459,0,0.5536018480669499,0.5577891901639889,0
944.83,3167,1,0.7796022043300189,0.7104322564182695,1
2657.2,1515,2,0.614326541645362,0.7703626061825952,1
599.17,2235,0,0.5432945314087583,0.8248459411890504,1
461.56,2368,0,0.5875645856140722,0.751851449945792,0
13021.85,1125,2,0.5024279413645872,0.9024141259300322,1
1026.24,2677,0,0.8294475782527669,0.47285482260090217,0
301.44,1830,0,0.5656280032555903,0.9534821098344043,1
309.92,1337,1,0.5532183947327874,0.400286595230113,0
235.82,1088,0,0.8680137436810855,0.07019044822247211,0
1863.53,2724,1,0.722411978339123,0.1821154888779204,0
445.49,910,0,0.7521766727015385,0.5582658907532817,0
765.17,454,2,0.8022381596436992,0.014587907740918338,0
620.26,3218,1,0.31656170527178285,0.15739414761331982,0
1487.19,1211,1,0.9123274166176818,0.37407734895918876,0
262.06,2340,1,0.9015539400153294,0.6242971135048265,0
203.75,2615,2,0.8636745648773552,0.16555012090986798,0
851.27,3060,0,0.7198994232808597,0.5748641949517314,0
1288.27,2284,1,0.6375294596218912,0.6631456343985239,0
958.9,2584,1,0.8504919818433889,0.763659431574151,0
273.04,3055,0,0.7767470647937037,0.6604787573218867,0
1401.41,3443,0,0.6680579796565769,0.2500827703381948,0
293.46,171,1,0.8431447551481529,0.9973602052289807,1
374.77,2713,1,0.6680018086830317,0.8882486781443408,0
235.49,637,0,0.6891446759817819,0.37351896195257095,0
2782.97,3253,0,0.9398231419495732,0.029189661908075593,0
1335.1,177,0,0.7960929177994659,0.5287082247908043,0
1294.0,901,1,0.5520567054176599,0.8651896809179466,1
2622.63,702,1,0.5059574036439164,0.8219432654437243,1
14675.2,2202,0,0.8619826958604264,0.8975570387290319,1
101.48,16,0,0.5393058176940014,0.9695162570585896,1
295.24,63,1,0.8842534801622709,0.7130281410650974,0
337.72,1840,1,0.6566059676819179,0.1623975419794521,0
260.89,3546,1,0.3868226766320953,0.03641313734353424,1
203.3,1928,1,0.783908443271248,0.15140728213113586,0
478.37,1628,1,0.7481238020869365,0.20109987537543916,1
174.47,2401,1,0.6959477051525071,0.06139029930468387,0
961.55,2014,1,0.8648039230730298,0.4534517248753346,0
704.06,1405,1,0.32084983606153417,0.783877713265911,1
1129.05,2148,0,0.8028045563270517,0.00425179540407683,0
1162.7,12,1,0.8085542273227967,0.8036263173494688,1
1291.17,893,0,0.7520891266794486,0.9253073380308706,0
441.09,2460,3,0.7430275726582274,0.15198595701587314,1
6858.59,1247,0,0.6556685672709269,0.021346158594311326,0
860.81,199,1,0.5278233071919661,0.47936494373462646,1
85.74,455,1,0.5025146142280418,0.8685302105770626,0
220.83,3161,2,0.864539053958562,0.7368314216096084,0
98.05,1203,0,0.6254650803803015,0.034699091891014056,0
677.95,83,0,0.5166940298515119,0.6732644146387168,0
581.73,2660,0,0.3893924486100536,0.8177449244532663,0
397.32,1936,1,0.5494418718461603,0.2710496485738427,0
6075.49,1648,0,0.5731751050034674,0.6534133522769922,1
1216.68,3266,0,0.6325188295293447,0.4939489595707598,0
1478.39,1145,1,0.8555009544640564,0.20562906654759672,0
238.85,2090,0,0.41884257038573663,0.9015093993697685,1
221.61,2719,1,0.953648419359931,0.2230083648285095,0
692.62,2221,0,0.7052249656512424,0.8404754244924993,0
804.57,759,1,0.8554156206161,0.7016551958583933,0
86.32,2488,2,0.732134521966431,0.22090901143284802,0
545.48,2713,0,0.8858038083335007,0.7113232348040226,0
675.52,447,0,0.8349068798117234,0.026004918339222582,0
524.97,604,0,0.6337414389272795,0.2362715794950726,0
271.86,2463,0,0.6968343380724532,0.285405007342059,0
367.42,435,0,0.9392244575437974,0.8891899362829718,0
547.55,3213,1,0.746981321967303,0.9153874895304811,0
735.01,400,0,0.7389112973654779,0.27099206485339966,0
1293.71,3555,2,0.7218936716275978,0.4746585688666898,0
2184.06,2451,2,0.49434126136876255,0.9816234473748322,1
481.17,1617,0,0.6313260195664243,0.6659775295366908,0
402.71,980,2,0.9537642829295209,0.0697123962441284,1
1076.45,1258,1,0.6314866726803927,0.39143200135910927,0
1302.35,2732,0,0.7980854791099583,0.4214382695560993,0
412.56,2749,1,0.9543798828869341,0.30639666487778827,0
1586.73,762,1,0.5409269999265575,0.5199132038309795,0
1953.82,1981,1,0.8472261535084832,0.7360207206565983,1
2754.13,3624,1,0.7567667813786771,0.6915006754811461,0
4703.93,939,1,0.6874128113043934,0.35154816939668154,0
256.45,2531,1,0.6501607057015697,0.7366397338508417,0
675.39,629,0,0.5899376154258543,0.5340739606241505,1
673.44,3044,0,0.5389955066112245,0.7695132165131477,0
597.12,622,0,0.552752581633601,0.11388901265158324,0
325.65,1087,0,0.5108665092344069,0.4047600101283819,0
129.79,1676,2,0.6868314848653705,0.3946497397439813,0
736.53,1353,2,0.40550878423834597,0.3518028135478163,1
285.66,621,0,0.7339275522617913,0.6980338773094442,0
731.13,2339,0,0.8338624880068172,0.557128518907702,0
277.7,72,1,0.7228016598120537,0.3858920526054609,1
198.42,3589,0,0.5820245253108179,0.536302309010845,0
860.68,191,1,0.9761743714969215,0.704392923225294,0
785.26,1219,1,0.8830426168289223,0.6751274473067135,1
1257.91,3394,5,0.5763402345488936,0.7606741195867704,1
7364.67,566,2,0.6676103488603646,0.8514750882672575,1
902.36,267,0,0.4646062617704128,0.7393918697493536,1
1134.09,2715,0,0.879539661282433,0.18013913515179658,0
203.3,268,1,0.9359721783960533,0.846578880344703,0
161.48,3283,0,0.8267071486764929,0.33202323008653456,0
3793.76,1647,0,0.7191758515357706,0.6659755285028237,0
240.85,3173,1,0.4316393175892639,0.9909697383540689,1
210.96,895,1,0.9123782730851248,0.29464205908103847,0
637.14,516,0,0.8103540580833183,0.27021093225689086,0
602.32,3513,0,0.7063828350995831,0.18216345183939664,0
246.47,2782,2,0.3911622837970096,0.9840779545536824,1
475.58,3325,0,0.4260792237026171,0.4269355504422082,0
2571.68,1168,0,0.906734386558937,0.7838654607180996,0
274.08,1477,0,0.7841499665198461,0.04923950381313291,0
143.59,2107,1,0.6656192312744237,0.18042400117640034,0
1875.92,1638,1,0.6917385552909865,0.06318443117151129,0
1143.13,886,0,0.7116052198271315,0.8156350283449295,0
336.11,1369,0,0.6288811893641149,0.106553496832262,0
116.7,2222,0,0.4959443566194081,0.9231615809772317,1
293.22,139,0,0.7136807373184615,0.6637574636722094,0
626.3,1226,0,0.7971404787477405,0.9095379113639919,0
2397.64,1069,0,0.41268953448498846,0.4088586485702246,0
212.67,257,1,0.3540350633277145,0.5256578463660146,0
606.09,448,0,0.8687633215805222,0.027572282339871856,0
1397.81,1809,0,0.722335414480493,0.4659059105234902,0
48.45,374,3,0.668058549452007,0.5907169380143795,0
2073.86,1259,1,0.8265228105052701,0.10059008035000472,0
181.15,2047,2,0.8174448788235896,0.9812352707518452,0
958.33,3189,0,0.5874006123693192,0.00439101434612188,0
872.49,361,0,0.5748901221221496,0.26745061084868493,0
2193.04,1587,0,0.8022692004057259,0.6156215808838169,0
1219.28,376,1,0.8328930229024772,0.49763830296696776,1
48.67,1564,2,0.7558426963918349,0.239198684852569,1
280.55,1754,0,0.5506372913655055,0.9867536765941677,0
774.35,2917,1,0.406075519491596,0.18887740350530025,0
536.74,1614,0,0.826947912350289,0.5683518971152187,0
1124.81,3414,0,0.7043916195675297,0.11588407804309675,0
1584.94,503,2,0.7770407071286602,0.05613974816326417,0
1298.93,194,0,0.37830401651618856,0.48787176179550595,0
525.47,17,1,0.7088900470782574,0.8047000658511582,1
87.27,1302,0,0.5774836421932501,0.5313150285439987,0
403.01,705,1,0.9264106673715823,0.29363043552481627,0
1051.53,335,0,0.6176713397428956,0.016729693068413765,0
200.44,861,1,0.7074682697985639,0.9405320980443552,1
1331.95,3558,0,0.8859715591602911,0.21188459356537848,0
1806.66,2921,0,0.3953182366722446,0.5745718555497495,1
764.75,68,1,0.5189402427462209,0.01552625791714124,0
22.87,3341,2,0.9403482611293911,0.0972045644645837,0
163.06,749,2,0.6779817653575732,0.17016951459135443,1
5296.53,1482,2,0.870620144581605,0.11231386662431242,1
364.6,1196,0,0.6372102894295867,0.5307536711835092,0
75.0,1478,1,0.5741930326940232,0.3970534149808044,1
2588.34,2776,1,0.6110588399561186,0.8012850169152201,1
674.99,2600,0,0.6680761109931653,0.11620417265678529,0
2242.7,2168,0,0.6499686755616935,0.43106801173412024,0
902.04,2288,1,0.8331305216800151,0.4282509272741384,0
1101.49,2655,1,0.4151030263673327,0.23081179997560108,0
991.59,672,0,0.38557742743100515,0.09596148463910525,0
1432.59,1444,0,0.5852956781177383,0.01066281316812523,0
8145.11,393,0,0.6653623757347427,0.018827886206110422,0
1935.47,2570,1,0.982571315080694,0.3986250324649939,1
116.94,1597,0,0.8647394351924916,0.05427728825743783,0
1087.16,2326,0,0.9696314851289766,0.39455755854305186,0
2334.68,2062,1,0.7111873641883371,0.4374095366962062,1
2497.31,999,0,0.9584158117731215,0.4453859535183565,0
416.02,507,1,0.9539501126662084,0.1916554713466676,1
2395.72,3551,0,0.7990268388299784,0.49871529225230915,0
1845.52,1071,1,0.456129550046557,0.39231728241872044,1
11268.53,400,1,0.35430887126638805,0.9895269799644469,1
291.49,1117,0,0.7994819827302294,0.04536901801962012,0
380.64,3293,1,0.6449913992415844,0.053878507660848673,0
474.98,954,0,0.7319913812829851,0.8245298834227043,0
387.9,3601,1,0.5365465235758509,0.2660190068338504,0
249.88,1682,0,0.9415675885176974,0.18378647456855246,0
31.85,3145,0,0.7641731693965118,0.8744852614519587,0
412.33,2384,1,0.605207540375321,0.5327290983823462,0
998.54,161,0,0.6995526576528684,0.6157896630825864,0
386.63,1859,0,0.7096873054484353,0.007960681262152436,0
5591.03,1522,0,0.6879677293883996,0.26075100431796394,0
675.0,736,0,0.9338796974152175,0.25920297984581475,0
2752.13,2007,1,0.6165523125891618,0.7608921974676777,1
886.75,376,0,0.8311231901823882,0.3855522514762717,0
1650.85,2549,0,0.4982219448025979,0.5774352817243305,0
904.3,3000,0,0.48836935173995893,0.9319035835168367,0
2997.89,338,0,0.8341598528486575,0.9846771489512712,1
707.36,1749,1,0.9657703449939136,0.12732934217368952,0
1147.95,2391,1,0.8674480277328415,0.5558671062250696,1
995.22,227,2,0.8789192418709791,0.6991419433193389,0
484.39,1421,0,0.8079075794531237,0.7820527871913606,0
1038.45,942,1,0.5539632241252462,0.9201081939606885,0
7768.44,144,0,0.7302426757360482,0.728337220699311,1
494.01,2934,1,0.7315886190103006,0.6899351974200781,1
1055.12,1623,1,0.905649082998387,0.05409767293730283,0
2653.29,2744,0,0.6073331275172359,0.5448191590141014,0
2331.53,2143,0,0.8647884749379785,0.5987654267602055,0
673.77,3196,0,0.7204509834222446,0.6964975966981825,0
48.34,3639,3,0.3467192829429177,0.5833632955063035,1
1174.24,2198,0,0.6939967598724713,0.4094501009066335,0
57.89,1286,0,0.5744755579891713,0.48745746933740586,0
3350.72,1544,0,0.7987470443958964,0.9673195895489756,0
801.45,3012,1,0.7390032590519507,0.32910384328167475,0
1997.48,1557,0,0.8352228583267635,0.7844569658332865,0
246.58,1897,0,0.621723181573517,0.6074401181956608,0
120.57,708,1,0.48761720324889124,0.44383093662962814,1
886.1,3613,1,0.8174562135598397,0.41431850936661097,0
641.0,2375,1,0.9226667134025269,0.5372266272599597,0
387.34,1205,0,0.9430399455260007,0.7997925013388382,0
730.06,2135,0,0.9126342578140585,0.12215015428123488,0
13963.18,1464,2,0.3589762615469694,0.9106573800662462,1
1665.66,566,0,0.7876705989466142,0.7741468493198711,0
2110.01,3192,0,0.8617997683698848,0.34902826711403023,0
1683.0,3232,1,0.6527959989838376,0.010181579282028008,0
3386.01,3047,1,0.931604730383807,0.10522572507436234,0
539.65,1345,0,0.8229308675567253,0.14439534273578458,0
69.39,936,0,0.6392035790072093,0.10358002767826868,0
540.53,182,0,0.9077193528526778,0.10277897949260617,0
1624.43,2670,0,0.7953965499955046,0.9601451788624461,0
228.88,1197,1,0.6379294424441005,0.6584600174664322,1
547.85,3256,0,0.7947017152897892,0.8206387266763784,0
310.77,3175,0,0.7613115283549978,0.5628137622803846,0
3471.12,468,0,0.8093855015989173,0.6194846984907141,0
1516.87,3346,1,0.915010335893149,0.8809983202038757,0
1361.98,512,0,0.7409594008630972,0.2619691972818897,0
1317.86,1790,0,0.7735026298821511,0.6945246417906712,0
638.44,1730,0,0.7795426930986399,0.89930897901159,0
826.59,3490,0,0.7184191157267976,0.9362922638523486,0
180.6,2399,0,0.7716162496079443,0.4440482394595414,0
60.03,3194,1,0.8233330290893381,0.8567122070000063,0
784.53,2175,0,0.4216718343818193,0.5038595626310968,0
949.93,3012,0,0.8275006783542863,0.25788597906072463,0
2515.41,3110,1,0.6163867459063128,0.2509590712550659,0
3746.1,3138,1,0.9322039455000646,0.4517665148050335,1
3740.59,1502,1,0.9592567748508353,0.25788852447056165,0
221.89,1394,0,0.9109085567033651,0.02997864328436206,0
451.47,3594,0,0.8711247338158611,0.10554699285847102,0
1128.19,2761,0,0.5265676177766563,0.8492201356516091,1
10776.2,3348,2,0.6987756029101779,0.8825087506327627,1
3388.39,2107,0,0.5813860156319304,0.8730438550450812,1
2278.65,3391,0,0.5371946783341452,0.5537123422882924,0
434.17,2627,0,0.9768376141819951,0.9352173564044268,0
251.76,2710,1,0.8390436946171212,0.499092611881518,0
1584.14,649,0,0.5157971252237961,0.4625447173127071,0
198.2,2069,2,0.5406677980540123,0.4743821564773887,0
511.69,2669,0,0.7855649329409041,0.2541119332448546,0
586.25,2777,1,0.829949122638677,0.6135033689360965,0
3836.07,3495,0,0.9360046453244592,0.44895113527946795,0
450.26,1194,0,0.6458084560633073,0.9746576668697711,0
45.46,1105,1,0.8167821928859729,0.17198139620382658,0
1158.51,3538,1,0.854585824337432,0.07670425852090335,0
308.3,3599,2,0.5772258931005847,0.3511398194272549,1
697.08,657,0,0.775442129044127,0.21554991270419566,0
604.63,1381,0,0.6900359243956005,0.991904584854563,0
492.22,3460,1,0.843499037158108,0.5585782596618633,0
1586.64,729,1,0.9115071775023144,0.35971763022544445,0
123.2,2858,0,0.5908491486146731,0.6427411370796463,0
376.64,410,1,0.92943649510258,0.4531115042103191,0
1411.55,651,1,0.513384590572636,0.2088251392187046,0
338.49,2865,2,0.9575815215367193,0.39451930729457974,0
113.33,2217,0,0.6549398406424832,0.2863543575057148,0
1387.71,2025,0,0.6732314565356003,0.6375925778173993,0
2287.93,3126,1,0.7126749647562939,0.8165686017896044,0
633.02,1121,0,0.8999681811176429,0.26257709810074437,0
76.94,1837,1,0.850812998726943,0.6213266721881865,1
1446.01,2221,0,0.6085769884488536,0.7084798620413643,0
107.14,2700,1,0.7101062037883092,0.37001081624584053,0
934.19,1212,0,0.8505161136603333,0.4875356474264081,0
250.58,2313,2,0.8200883673704543,0.35881667409305973,0
185.71,1637,1,0.7668028821404491,0.3729049682957375,0
409.08,1978,0,0.67114092249745,0.4462165419215778,0
543.69,3148,1,0.46794457187283073,0.2954229257201225,0
327.46,1437,0,0.7344741006016838,0.4883299664672681,0
1271.02,2439,1,0.4791927918398081,0.7522452222717028,0
407.21,3438,0,0.8381785198465975,0.3942977296841923,0
1955.13,2783,0,0.5915627864106108,0.9454378014250099,0
906.23,3608,1,0.8848587076970507,0.2179955286709001,0
308.8,2130,1,0.491529540797419,0.4495047487658813,0
256.59,1029,1,0.9465513222760019,0.6016850100000918,0
108.61,3618,0,0.908223851571088,0.5432644214659205,0
915.81,2353,0,0.7551477791423358,0.9469406698149567,1
450.32,881,1,0.4348148545463362,0.32432803611614025,1
48.94,1158,1,0.7989543593255611,0.3776322233400362,0
368.97,958,0,0.5499417205105894,0.5956815695330507,1
246.87,3042,2,0.785348009438168,0.596366893655415,0
3764.03,338,1,0.6308270504094169,0.7874409724804895,1
102.2,2700,1,0.8349087507707456,0.7945157464926139,0
136.25,2022,0,0.5990527263343867,0.01087095844232433,0
2255.14,269,0,0.44608670777179665,0.7641993817331556,1
2958.51,2239,0,0.5872015361060391,0.717868674109023,1
293.1,2749,0,0.6843234896980993,0.5857701800405382,0
331.86,2650,0,0.6967604034165161,0.3169867511960389,0
1310.1,1929,1,0.7406577709080736,0.9070560666400941,0
51.43,1225,0,0.8806002559661976,0.7382196262987627,0
85.86,598,0,0.7478748389421375,0.2572874034925029,0
488.43,45,1,0.7789437841592147,0.30522019993885485,0
3658.76,1313,0,0.801056642427531,0.7104557094294389,0
411.87,2308,1,0.7067801095589749,0.9176543187627672,1
743.25,138,1,0.5141618872768282,0.4905411783569874,0
2315.01,3645,1,0.3903863286534604,0.8791996903436733,1
6751.86,2139,2,0.7187979473525249,0.3821144899749417,1
352.65,1075,0,0.6487837914177131,0.39516374765662166,0
652.94,3511,0,0.8446629665025039,0.6859412017549972,0
4935.75,672,0,0.6386637473806286,0.050537684827703155,0
124.66,3495,2,0.8849998904706224,0.13892183081354426,0
2059.75,1029,3,0.7085249530542083,0.7284250103597804,1
216.99,1386,0,0.9678054466601895,0.24208549205032792,0
744.51,1553,0,0.4151347142224098,0.17507905869611884,0
509.34,3631,0,0.7142421342663211,0.08905272438837686,0
231.87,916,0,0.6606198428780758,0.22485447213791732,0
225.56,3551,0,0.767482871505316,0.2504709088439717,0
901.5,1267,0,0.6898933009211432,0.34116130629234376,0
1988.42,1041,0,0.9620069271622516,0.938329553500088,0
576.68,2329,0,0.8192746341666244,0.6446185067264216,0
718.47,2532,0,0.7896091288018089,0.6933135983051917,0
1246.75,1260,0,0.5355959511406244,0.1327483893700946,0
228.43,490,0,0.4428365188988257,0.19266668859200875,0
1500.66,1446,1,0.8167903707394735,0.8986711004871039,1
1638.08,1972,0,0.9667820832636657,0.634309126909644,0
11660.81,147,0,0.8256863826307831,0.8096509953252782,1
439.78,288,0,0.7840918521708682,0.3574626326362542,0
401.86,3350,0,0.6505408525462572,0.5772068731797807,0
1549.77,131,0,0.7237829885122411,0.5022076118640983,0
1637.65,1485,1,0.7259027109367474,0.2054120101631851,0
369.22,2788,0,0.7214988105502266,0.8247695110482386,0
426.89,1198,1,0.7368285632272168,0.3337562400165479,0
1206.22,1806,0,0.6915771743569646,0.46688745507593454,0
267.64,316,0,0.5795640093112093,0.13299309702327855,0
423.44,2899,1,0.4633375591586629,0.6383566956936244,1
734.03,2315,1,0.6974601671124742,0.791135443659693,1
1989.29,3108,0,0.7038666088097404,0.41038830736477994,0
342.04,3153,1,0.6845571588191532,0.9781320100568011,0
87.65,1281,0,0.9175887901939758,0.2575839583325956,0
80.78,151,0,0.8908809899789246,0.8730805757666866,0
166.44,1264,1,0.8518381806163197,0.721215496877925,0
156.89,531,0,0.7184524407251714,0.9272616263986071,0
561.12,1946,1,0.8355188888889359,0.7406482134439236,0
179.87,535,2,0.7323507676374189,0.49485227772414675,1
307.04,3365,1,0.8575906471622162,0.41347046353110106,0
283.87,2198,0,0.8496415263635905,0.8293994867616422,0
409.71,924,3,0.6952508628614241,0.8403634727301444,1
2849.09,3362,0,0.6124479714915696,0.5889039177873506,0
1377.66,2809,0,0.730984316196491,0.7021243265849788,1
677.05,1598,0,0.8028616287082652,0.4628575361402323,0
400.56,535,0,0.8584551995768496,0.21837130668169502,0
413.0,1255,1,0.63282274960303,0.04998047892624902,0
953.86,2132,0,0.5848900320337886,0.6537053822676026,1
1264.69,2795,0,0.7519229184331494,0.6692130326475307,0
245.09,956,1,0.9104856483824297,0.6652635617088336,0
692.38,2710,2,0.7547692167545453,0.5624074655168053,0
71.18,1033,0,0.4607180632236713,0.34240086138780823,0
839.57,901,1,0.9120184697676745,0.2420366407412604,0
1538.19,1632,1,0.6833140124386674,0.06570482491539265,0
488.79,587,0,0.9845679142454619,0.14800873284012805,0
4905.83,1477,0,0.7040446830259883,0.6282981843149567,0
252.3,1306,3,0.4844552143296405,0.7680713455398002,1
844.87,1022,1,0.8433975943126134,0.9076228376361865,0
639.44,2831,1,0.5388423438262675,0.08391676143942128,0
595.66,1211,0,0.6459889620574131,0.8140262380529626,1
586.54,2537,1,0.6747575660723529,0.5974197786393144,1
748.31,2629,0,0.614737995773203,0.30131638657553506,0
1690.46,2430,0,0.693342655012346,0.7257927451235542,0
3027.55,983,1,0.8632921018205103,0.9893540330839331,0
663.5,3027,1,0.7180342501194203,0.3794176413683743,0
1630.84,864,1,0.8922467049033698,0.6274379099356626,0
307.37,1012,0,0.416482071946045,0.2608325994252849,0
1544.65,3193,1,0.8671302976210934,0.20502807960629987,0
287.67,1240,0,0.5913904736878519,0.14913127691076655,0
2207.74,2544,0,0.46050923773880087,0.03215360858666971,0
7568.16,155,0,0.7460773346111315,0.7238104618236193,1
581.56,2242,2,0.7298581147180355,0.14595896390761898,0
59.63,3171,2,0.6431448060962116,0.6762729343621292,0
363.99,2587,0,0.26166762161969326,0.8696088748523045,0
2578.76,2126,1,0.9817433977357167,0.8465996285009751,0
1222.17,3099,0,0.5973110492492133,0.29896503161329124,0
874.63,1088,2,0.7679643147222331,0.12440619631134753,0
2017.34,1375,0,0.7878991894756747,0.443064483223355,0
1133.31,254,1,0.5874091246551932,0.18128920849316454,0
2538.93,2549,0,0.7075695747180554,0.37350789738398593,0
1828.71,2640,4,0.8956043223895762,0.5688213689679962,1
3547.05,2742,0,0.7208591722141107,0.6443469609477989,0
987.01,2733,0,0.9776754873137063,0.21832375868876908,0
1800.44,465,2,0.6355499371559022,0.22729611047193998,0
474.45,2431,0,0.7852875233105705,0.8659674312547044,0
343.23,2786,0,0.6645161355771811,0.9448877541949562,1
4347.88,744,0,0.838359223206885,0.6424460784015062,0
843.72,1739,1,0.5665222355588808,0.5568232021975047,0
1612.22,3333,0,0.9796466101647255,0.6580732549036719,0
762.13,1514,1,0.5244481921448384,0.12862047397679943,0
348.92,2749,0,0.6642961563551919,0.8970390413575838,0
673.23,1936,0,0.9454199943188962,0.20859566916957972,0
3227.92,2401,0,0.6453201372139181,0.6696806096094272,0
1225.08,2287,0,0.672391161462888,0.22197066594229076,0
101.23,2376,0,0.7994200383855501,0.7057915333312524,0
524.91,2844,0,0.7773888390953532,0.7534338143753104,0
4724.53,3301,0,0.6536864672571474,0.741045969248297,1
525.75,1079,0,0.49823956328456115,0.42869852453346635,0
91.79,3388,0,0.8699563405848627,0.6070325214866498,0
5336.65,2292,1,0.7563215064036543,0.5979886411473282,1
1408.99,2174,0,0.7154877771087563,0.7203128538169913,1
615.84,1196,1,0.7657311242161691,0.49900086540853295,0
442.06,1521,0,0.7285334433966122,0.5072937105556317,0
2187.66,2378,1,0.761344302474462,0.6844084650826281,0
366.43,1328,0,0.827144336971637,0.17015090815792,0
2352.14,1049,1,0.5900933002564646,0.6524798309067454,1
1207.63,2989,0,0.5294452990373498,0.14823096691699267,0
870.57,1516,0,0.8559036924817548,0.7248350161301865,0
780.6,2353,0,0.7352665559069311,0.3889131150354065,0
548.69,114,1,0.553794921082861,0.8395827142767545,1
2101.07,282,0,0.8393076950680441,0.08841187664357941,0
256.76,3095,0,0.44512109350419216,0.4605234584942962,0
111.71,519,1,0.5045181001710348,0.16721744217375034,0
1307.52,2904,0,0.8417128122141259,0.868863194823873,0
1331.9,3285,0,0.6763796261285394,0.12524801055455326,0
1128.07,1757,1,0.852571069450556,0.48519527990971223,0
1041.59,3228,1,0.28008862688888053,0.10525122873599524,0
467.5,1559,0,0.8640901750946329,0.7977124538936694,0
1581.66,3474,0,0.7656746029007915,0.28203957577506344,0
632.63,866,0,0.8175253702773033,0.5940591967110989,0
389.23,1562,0,0.8756954684428794,0.17014369764945358,0
471.97,1420,1,0.6280152171683513,0.35160588041673435,1
6140.76,2862,1,0.4804892608059733,0.11369717283847847,1
98.64,160,1,0.7356414328819242,0.5508310529464725,0
1152.59,3023,0,0.6643744447815197,0.003453107075528261,0
104.9,86,0,0.8720154620213018,0.9930714913245441,0
590.48,1152,4,0.7251404523624444,0.4162788627241377,0
412.82,2176,0,0.5915914768853211,0.6294471970741926,0
67.12,531,0,0.9582101588474031,0.28678100452448774,0
1020.39,1789,1,0.4360866233269,0.2532481618532012,0
437.89,3639,0,0.5676067345887754,0.8461349351314608,0
66.08,3004,1,0.8383941720490862,0.7581828878052922,0
1674.93,111,1,0.8631008404822578,0.6432920277572272,0
3224.41,2160,2,0.8010859730621778,0.752304907926042,1
3425.96,2180,0,0.6956816313622277,0.17531315297813876,0
987.18,249,0,0.6974220539831298,0.934092247185924,0
699.71,2373,0,0.7554281902958262,0.454745490128616,0
2866.86,1902,0,0.8369835907622978,0.8687116678303866,0
4232.81,2488,1,0.9469400732231887,0.7360569212676812,0
2314.45,1086,0,0.770289293268383,0.2859212547720479,0
236.11,933,0,0.525517171647661,0.5693168991471703,0
830.04,2686,1,0.8068471046194448,0.966645798272424,0
1078.65,2634,0,0.6310859984303947,0.037088138137460036,0
90.87,591,0,0.5457912454191516,0.42648172997891676,0
1114.65,790,0,0.9439594841106687,0.6205395969149472,0
8105.44,2140,1,0.9358365046043391,0.3398960604401995,1
1344.7,3026,1,0.5687861826669016,0.31791609764379836,0
3363.56,737,1,0.8461232546303737,0.7486916307744313,0
813.39,800,1,0.6231529170768348,0.9163268945162626,1
613.67,2948,0,0.7531963876207609,0.5376283320981873,0
1011.71,2543,1,0.6821448989233367,0.9482097366824804,0
271.13,3293,0,0.7992702814330309,0.10127869750558183,0
230.41,2859,0,0.7001073499474006,0.22747037127400982,0
2678.29,3479,0,0.7220721225142022,0.08771194464046861,0
3009.64,690,0,0.8555583949781062,0.4355342850246996,0
223.58,993,0,0.7199016668292775,0.6267147193164229,0
1929.08,869,0,0.9557405895750616,0.20047192055394258,0
604.47,203,0,0.4870948244099822,0.4485386819113535,1
966.6,2843,1,0.7159466993858966,0.6843945950169571,0
1103.5,2415,1,0.9380791273513277,0.639487275246714,0
1985.82,314,0,0.7477717475914842,0.6292819482634693,0
728.5,723,0,0.6157740002476458,0.6060322655693353,0
3137.49,697,2,0.7238065864185281,0.9866103211839369,1
934.82,1471,1,0.8576335365681225,0.7139215028180697,0
1321.61,1663,1,0.5674615389654908,0.9076730004351181,1
265.98,1055,1,0.6414527261218077,0.9517302131140533,1
7147.55,3395,0,0.6485789806181328,0.8596788238240854,0
1115.22,777,0,0.8125002680754755,0.09516809128041259,0
1457.24,2051,0,0.5102799137889039,0.529244519518045,0
113.41,1599,1,0.7395054164805579,0.38151248137759275,0
269.09,1415,0,0.6515464616074447,0.09706845759717586,0
2595.86,3014,1,0.7494091020617462,0.5642089623456058,0
911.95,3571,1,0.7874705657311316,0.21282452791836493,0
81.03,22,0,0.9586700086170838,0.581737216006927,0
2084.16,1693,0,0.6716871582400911,0.8173888891045674,0
365.71,435,0,0.5917447206891356,0.3938380663790849,0
3141.48,1583,0,0.807960733144014,0.9498285723028114,0
603.88,2252,0,0.5826807042258533,0.7664685254205943,0
833.12,1503,0,0.6805746386392346,0.8042820855584738,0
2432.93,1128,0,0.7327135740010746,0.11229138855035103,0
247.83,1140,1,0.6347624925553056,0.9418730834043113,0
223.16,1095,0,0.8947271806063732,0.034529164845061966,0
535.85,1189,0,0.5334455122966633,0.8438952038875002,0
1652.24,1365,4,0.7867797505039245,0.02965066291980356,1
153.86,2510,1,0.7689113900290283,0.1624574347946086,0
106.18,351,1,0.2218659163315943,0.31534509439151315,1
1645.98,150,0,0.6830325368168689,0.7377605675051204,0
342.65,1886,3,0.8120215844368173,0.8994204160228155,1
432.05,2488,0,0.9237330534395158,0.6664987634099871,0
86.27,945,0,0.9339063909271417,0.7277685510404809,0
315.17,735,0,0.5572507563389164,0.28977282573208996,1
659.63,2280,0,0.6082320680312211,0.9753765088242315,0
1850.88,1402,0,0.7393549544307555,0.40773421799632104,0
284.76,2686,1,0.7245861391527545,0.912913803624023,0
4117.96,535,2,0.8786868379024055,0.7792542748282462,1
313.25,442,0,0.754720576413821,0.36726655529112806,0
313.75,2017,0,0.6246921231123312,0.3431352587266102,0
3608.67,1433,0,0.6235295281211326,0.6794810049163448,0
839.33,2662,1,0.8164335150683912,0.9404713000370656,1
362.41,1847,0,0.9623103707037295,0.6723444626402385,0
560.79,1295,3,0.8048181753550313,0.8574270277633439,1
2946.52,583,1,0.3437954102651636,0.9662828163785177,1
3336.99,597,0,0.8635290568307691,0.33000262893778465,0
270.84,2759,2,0.30294698942761317,0.5384915250436417,1
634.81,827,0,0.7184553993436984,0.6091081376651386,0
734.49,1834,0,0.7192134023157535,0.21717665567503364,0
224.78,2986,2,0.8148754925567346,0.7975487671554334,0
625.62,3277,0,0.7835493710058005,0.2617581044456442,0
669.05,977,1,0.9691724426552732,0.7068746429591791,0
2331.41,400,0,0.6517823143267207,0.5238242066473495,0
2510.33,2827,2,0.6345763755871295,0.8366710506673198,1
463.07,2508,1,0.8278663657394953,0.5115550615897286,0
525.66,1209,1,0.6392898522704787,0.5866673024398924,0
1381.22,2166,1,0.49240352774965057,0.1810723339287017,1
349.43,689,0,0.8493153735496416,0.8081867607498511,0
1270.93,2557,1,0.7905505163481079,0.4021243665026458,0
603.84,2654,0,0.5493976841037801,0.579744478645932,0
228.99,1093,0,0.8176396075610417,0.846058766130517,0
232.17,1710,2,0.6617585927071108,0.47938915110509417,1
3267.45,1220,1,0.6475868516374437,0.27446464428541306,1
560.0,115,0,0.9077060700942464,0.2654074249773968,0
4041.57,465,1,0.6998406901876424,0.5663260069851919,1
378.04,3503,1,0.6263915099151437,0.2912040556225216,0
916.28,1665,0,0.464689357760646,0.3385499244317567,0
9245.98,540,1,0.7066259382904372,0.2348051622524724,1
207.86,162,0,0.7412502650488428,0.44628683540267644,0
82.47,1290,0,0.890133956649371,0.4660821913890082,0
2738.73,3587,0,0.6221426395560434,0.5259205117168932,0
267.87,1405,0,0.7065752552075439,0.5928546001010504,0
650.16,3648,1,0.8689272308239816,0.587904996707863,0
349.15,1786,1,0.6095146166920825,0.3672518907174329,1
893.35,2788,0,0.5708689468327159,0.9006790585431399,0
233.79,2867,0,0.5698412592040866,0.5116565260050223,0
545.7,103,2,0.5908016142750343,0.8321161298577701,1
1090.94,23,0,0.7947306131556724,0.5573786907726446,1
219.39,3367,2,0.5295810603322455,0.3706131969108629,0
307.94,3403,0,0.5717722729052176,0.7386480354423849,0
453.9,484,1,0.6827261210225011,0.17696008246852402,0
138.14,2358,1,0.6978361498842668,0.969680320136072,0
417.88,3371,1,0.8377414437531787,0.5723025607914948,0
757.99,3469,1,0.6737953098866313,0.10416566924371484,0
428.59,1082,0,0.9590639409455554,0.42135826490543904,0
493.48,2983,1,0.8373397522872801,0.7125382496978053,0
650.74,2359,0,0.846096629432939,0.06810971748650829,0
323.33,3386,1,0.5129999617483156,0.261380462049589,1
1422.5,536,1,0.5012221629466328,0.9243741660119829,0
3227.86,2194,2,0.6546677951762373,0.3562029811291706,1
399.09,90,0,0.7098408375593432,0.15916262837254436,0
1134.24,1304,1,0.8417827374948986,0.0983826958534817,0
511.03,42,0,0.7943738465640455,0.6190626540748281,0
994.3,1617,1,0.598937881587704,0.5581331310115202,0
3723.27,2960,0,0.8596999324957192,0.6477416297800572,0
1163.89,2402,1,0.8490639385988115,0.958036758367139,1
94.56,1157,0,0.7290523082996287,0.060118263644867165,0
1095.97,1558,0,0.9457575057376871,0.19767101818116828,0
2581.56,1341,0,0.30051786493683946,0.2338243241363388,0
521.26,2670,2,0.6804111483618397,0.4270888694282494,0
1988.62,972,0,0.47576824227505504,0.12102633991142608,0
311.34,336,0,0.924793483941684,0.40986992230916497,0
129.79,1850,0,0.6965487236362325,0.8161946287224513,0
776.88,3029,1,0.9624787274971258,0.1636578274172812,0
96.34,1742,0,0.4389273260364008,0.9165804663767516,1
510.94,746,2,0.5389848198778762,0.9112534150643675,1
2739.49,169,1,0.8761620282074603,0.5129872305959169,0
81.39,3445,0,0.6588618822377369,0.8601575580695752,0
162.81,2776,0,0.7054326526867749,0.7115008148906169,0
213.74,568,2,0.8890587791161275,0.3567384549439474,0
620.39,270,1,0.7903224772753092,0.5617514983899563,0
444.84,472,0,0.4402692035862789,0.11661655552394523,0
3099.67,1374,0,0.8126558697218635,0.49576237269881474,0
1900.33,2963,0,0.7084524479825394,0.8299790532199683,0
1146.88,584,3,0.5204823964536548,0.5852399976925216,0
780.7,2988,0,0.707334174781589,0.38203061366687974,0
1025.11,7,1,0.9072382331849994,0.6635596409365446,1
257.71,2696,0,0.8575835686059406,0.9768554437214121,0
1707.75,1031,1,0.7225693652877755,0.06748152928812556,0
195.73,3505,1,0.8500798490091973,0.3303643224147128,0
1667.22,1737,0,0.5682337319296824,0.1559392614427354,0
2452.24,988,0,0.5008726728801262,0.9569475174727049,0
838.78,887,0,0.8951050885177091,0.5459018676398442,0
547.94,3017,0,0.3777976713140375,0.1296691340806959,0
1033.12,1471,0,0.758886572281237,0.6121700584847303,0
28.57,1285,1,0.9504225957873406,0.5004201899723943,0
927.49,2685,0,0.6012239495362939,0.05932046928912438,0
587.17,1961,0,0.5485098898959365,0.8645146638853929,0
629.11,2423,1,0.810183798916666,0.7091962623789059,0
1446.91,1626,0,0.8296713776222993,0.0052387953282624355,0
612.63,234,0,0.5209295378880384,0.959672251936908,1
189.76,22,0,0.4672335785945574,0.15926813629184222,1
569.33,143,1,0.8338153161454214,0.00026200708106038917,0
716.45,2097,0,0.8452628948164024,0.4272715545981087,0
754.78,1875,1,0.4689982830111769,0.14078246538937256,1
794.82,2728,1,0.9146742587562576,0.5701479289856207,0
2086.63,3265,1,0.5215726155252961,0.3114296151931363,0
201.41,637,0,0.792905252814694,0.18517808655426093,0
806.96,3494,0,0.5517692311409896,0.9853449734618728,0
2748.81,3400,1,0.6897714775158427,0.3327290161698869,0
98.68,2248,2,0.6279846760255194,0.41473326472463545,0
810.47,1936,0,0.8510063748034327,0.29424013877304667,0
349.35,645,0,0.5343931953970456,0.8369869811246505,0
442.4,651,2,0.602130480386667,0.1967840777352029,1
245.85,69,0,0.7750162678923928,0.1276575279510559,0
551.97,2358,1,0.6435157452766551,0.881457759290056,0
5041.11,1581,0,0.8140858247186757,0.18335976647510865,0
165.53,701,0,0.7371058410490784,0.8579380084155428,0
183.72,489,0,0.4926480622402697,0.5781777611563352,0
158.84,232,2,0.712710642527893,0.8233717072578337,0
4447.78,2339,0,0.8250253618808486,0.07015807007385566,0
399.98,2501,1,0.9447054955995638,0.9636209095074119,0
646.64,2305,0,0.7234973278857497,0.29976270814818684,0
427.07,404,0,0.6457766356345492,0.05862694699616133,0
235.36,151,2,0.7780398521220852,0.7648857933964357,0
513.54,388,0,0.5871070690388432,0.17845373980957902,0
9937.47,2743,1,0.9562312159590451,0.3511118747407509,1
3075.67,2701,1,0.7488017090746385,0.5946562610977899,1
260.28,1076,0,0.537781681640066,0.06861639265998065,0
1356.05,202,0,0.7305954132714753,0.2019335548662432,0
266.49,1167,0,0.7133019412356103,0.4890722330222299,0
94.25,2955,0,0.45051204557886454,0.42190297037894176,0
2041.54,524,1,0.8692104865689748,0.5575733891057245,0
2382.97,2906,1,0.7506338648574535,0.7286328552467729,0
2102.03,1691,0,0.778643807501953,0.3529922724830743,0
396.69,516,0,0.9753678632639967,0.40440569444394536,0
553.66,3408,0,0.8391063896592256,0.2723813617480326,0
1517.38,1892,0,0.8638445135903661,0.339697005425612,0
1023.15,2451,2,0.6229301041307881,0.05102917301173393,1
431.38,353,1,0.745293958342329,0.5801241326393898,0
112.06,1357,0,0.6622579622217009,0.17277872540603312,0
753.9,2309,1,0.8934687103757124,0.716286737785434,0
2179.63,2355,0,0.8504592198221348,0.04219346623796849,0
178.15,230,2,0.2848819285673938,0.05987593904989075,1
1342.97,2205,0,0.8679703622400133,0.28468943255270884,0
957.85,3447,1,0.7195084472030768,0.43840424509648235,1
1518.02,2870,2,0.6529299373878265,0.6936083521208147,1
1735.71,759,1,0.5233287026770755,0.6921834053926572,1
309.85,3331,1,0.4935349546540012,0.9733790846042816,0
112.32,2492,0,0.9137791706666593,0.35164448661889014,0
369.86,208,0,0.6925663901511366,0.05935096671884266,0
1768.77,469,1,0.6839096372923852,0.8612643910736462,0
366.43,3362,1,0.6950353751582121,0.7306376680055284,0
309.99,765,0,0.931299096255105,0.06812192649915438,0
89.7,354,0,0.9311592929529676,0.08333843891839088,0
4572.94,1646,1,0.7344515323031289,0.47663597462949525,1
1649.59,1918,1,0.47619513469133784,0.34164495046020293,0
1551.36,2092,0,0.38442186801579487,0.5963720469160367,0
1928.5,2405,1,0.7599886983479176,0.21916091443398666,0
1254.36,3645,0,0.6488568761253016,0.9593391246147589,0
508.38,2771,1,0.649216057855977,0.5121350497750379,0
555.49,95,3,0.5112750559924049,0.7507188349101885,1
415.58,324,0,0.6577171213019205,0.125784476277626,0
12066.82,2,1,0.5254938303361162,0.6169250416325575,1
1225.99,1443,2,0.5811270326919601,0.865179790449541,1
399.34,1279,0,0.49595170042060244,0.02299063234406795,0
1109.92,3407,1,0.6679419155313802,0.5399861953611764,0
218.78,1337,0,0.3780928052496405,0.24676162386957357,0
3480.59,112,1,0.5073327150827032,0.4783887976448332,0
321.44,3226,0,0.4282229103322352,0.8159951295516771,0
1154.24,950,1,0.9606619997493151,0.6900706992738619,0
2148.61,3331,0,0.8171386535885661,0.7544991297998991,0
1015.61,2826,2,0.3090610260039529,0.21168285195764647,0
737.98,3214,0,0.8801728693796247,0.8325199291748445,0
673.09,2992,1,0.9449646504143133,0.6139921161163147,0
625.1,523,1,0.6741713055747991,0.0693021173606676,0
352.7,2285,0,0.6653395060340268,0.8627093488844175,0
405.68,1504,1,0.8479403893690012,0.055755240444415044,0
3386.49,2295,1,0.5868432792496773,0.02877061880178511,0
590.29,2722,1,0.9432837334404857,0.8337471775451735,0
280.23,1828,2,0.9540068134355144,0.013023706559394221,0
376.93,1141,0,0.8098149167023602,0.08843409430613525,0
2231.45,3344,2,0.8833776885063542,0.01695300169559999,1
1398.52,2421,0,0.5366686125694776,0.880278742520822,0
1231.96,3232,1,0.8140248819329815,0.044695488471333644,0
501.06,866,1,0.8135716812955796,0.3726798144841057,0
1249.75,3059,0,0.6448740351571698,0.21699236993688775,1
327.69,1181,1,0.6137845050425326,0.34166101283795314,1
499.91,1681,1,0.44924966429140945,0.2905926144659744,0
1932.92,3140,0,0.8813770792820074,0.8878717257907719,0
1740.11,1295,0,0.6392980101388233,0.7687055556533724,0
225.86,915,0,0.8875377306650726,0.8850168758955735,0
259.54,3341,2,0.5677099054469662,0.7200426155098358,1
749.62,3519,0,0.7425458353103842,0.3303480902107726,0
4441.49,1136,0,0.7815677282045999,0.18584511955630278,0
80.87,1118,0,0.28079513670326994,0.5297794803939858,0
903.4,831,1,0.8907585487865366,0.3566683541670994,0
146.4,86,0,0.5402476214497741,0.6434129978790544,0
331.04,2018,0,0.8296166284448736,0.038932592110688335,0
445.47,931,0,0.5575258548647536,0.7129820288422992,0
418.82,3099,1,0.7623033742432366,0.2995591769977971,0
369.75,625,1,0.9667545224411291,0.4622405047020114,1
670.44,2319,1,0.8537955798203241,0.9786139557672914,0
369.16,1850,1,0.8563702850674647,0.2155754446105128,0
133.13,2233,0,0.3740444833104541,0.11765558272989551,0
1568.47,412,1,0.7184032656519931,0.2098138608357324,0
1522.58,1703,0,0.7467282144583884,0.351503525653289,0
1681.58,2285,0,0.6720053372711728,0.5362352894713219,0
122.14,1245,0,0.5343364408550216,0.9802262357101551,1
924.09,3193,2,0.49979587928916974,0.8698833829051061,1
1399.09,1933,2,0.7710994346902988,0.714956445426563,1
213.94,1323,0,0.5925216053106659,0.7205295448688908,0
671.89,113,0,0.2962033286940062,0.2837833964260619,0
585.29,615,3,0.8224591556659936,0.9279691405742815,1
5046.07,1740,0,0.8934387275776584,0.5395521608177156,1
5524.49,1460,1,0.8374771094398195,0.16252061871435852,0
106.61,3181,1,0.9613595738488263,0.9503025160361454,0
10335.29,2868,0,0.8095877621855238,0.5065259154805393,0
243.05,581,2,0.3200688896140706,0.15551214631035637,0
1956.16,2159,0,0.7689204741678372,0.735232166294298,0
1934.39,1659,0,0.6878132916216285,0.23379010650932364,0
222.46,370,1,0.7920421337277291,0.18766693911037102,0
1144.35,2430,0,0.7518200329105822,0.26759147585953635,0
590.94,1961,1,0.7669653740489745,0.578276448121984,0
1223.86,320,0,0.5319128875537118,0.2925894596025962,0
857.26,1709,1,0.5105286304173858,0.040813473760079266,1
2479.9,2670,0,0.5101429006315653,0.38749705458809736,0
722.66,1194,0,0.8419639346116166,0.23438760239670586,0
552.99,1303,2,0.5757729334957524,0.5114473419546984,1
2220.91,402,0,0.744867737733881,0.4595616036748834,0
1259.46,746,2,0.8553449823450179,0.07808307491299904,0
1487.71,3581,0,0.911183445294067,0.24531404740660234,0
320.2,2266,2,0.698782014571628,0.281484278408375,0
210.65,643,2,0.636311839125565,0.48473663218773466,0
356.2,1762,0,0.7561958784736316,0.8222188327381954,0
336.0,704,1,0.9886065554553595,0.21860269859710835,0
1579.43,1616,0,0.6612471564965208,0.1581866718185554,0
1946.1,532,1,0.867139937674511,0.001021577517613781,0
560.8,2259,1,0.6490886806793983,0.60650318917313,0
3209.95,2081,0,0.6349758661704682,0.3256398560058338,0
2996.85,2312,0,0.7710254967722353,0.6701553525144845,0
869.34,1619,1,0.8033964274106364,0.6901423944245859,1
269.33,1044,0,0.9608070510173129,0.04470352436649028,0
3762.78,911,0,0.7808483945466175,0.4184116971550834,0
621.96,786,0,0.926704576103038,0.9679826973607484,0
764.16,1567,2,0.704675065841392,0.27514379708076,0
457.8,1648,0,0.5775405856426927,0.5295504347304534,0
249.94,2458,1,0.7374941855374151,0.5378135706371125,0
132.22,192,0,0.7727889734168688,0.2605512573894202,0
1334.29,1028,0,0.800938047533692,0.7792563689106838,0
280.97,3112,0,0.6752771936898633,0.0036828634488618173,0
19254.2,3340,0,0.34041077709452866,0.2267905068358469,1
201.41,3397,1,0.6348120304663017,0.5925272735967901,1
166.81,1118,2,0.8467214566544893,0.917293666704228,0
1165.79,501,0,0.9078296876547018,0.009531153123940261,0
3576.88,724,1,0.529270211798024,0.6008678616936128,0
714.12,482,0,0.8174613349127055,0.003366713024695267,0
1248.21,3484,0,0.7996411753520231,0.6228174586925861,1
87.54,3224,3,0.6196315258540273,0.4115954108978379,0
315.68,2958,0,0.598712815006219,0.4344542985291705,0
204.18,2664,2,0.6261930304459642,0.9675096240061011,0
82.72,1253,2,0.513896114540655,0.6822463436546903,1
756.48,1736,0,0.43245556960314374,0.19641463268256598,0
56.42,3071,0,0.6548222244994759,0.9973372148340607,0
155.34,2972,1,0.7860149867037615,0.2566777318653548,0
368.37,1894,0,0.7834521552691369,0.6859068226598829,0
266.56,3057,1,0.6822523447936671,0.6802949954461416,0
1028.7,1266,2,0.791166267705215,0.8497250173882489,1
930.89,1509,0,0.840546163660826,0.3988668752400705,0
1777.88,3064,1,0.671222308592095,0.6959645131253709,1
1521.76,1374,2,0.8099243749975116,0.625941073879665,1
2332.96,2745,1,0.69147398282973,0.43641995103512987,0
663.74,1655,1,0.7411088537960887,0.9159574224045834,0
928.73,1087,0,0.7247003291949362,0.2519295933542445,0
1167.55,799,0,0.8661238619438346,0.22427357633274358,0
777.3,2214,1,0.9122261177165871,0.6303882552050641,0
429.7,1751,0,0.9034927501060351,0.19026663827837054,0
461.42,1348,1,0.8576202355901186,0.8299948068065568,0
270.61,2712,1,0.6449842381585414,0.3396752561183899,1
1057.62,4,0,0.887533722364648,0.4210994751816878,1
599.79,337,0,0.6895296790607394,0.6823158575917723,0
320.7,3510,0,0.9598777854059853,0.8851016930006729,0
321.03,2422,3,0.7436935937803838,0.6899674808236965,1
175.66,2006,2,0.8487007683610057,0.09420522497161099,0
1952.23,54,0,0.4776600377040999,0.33806098751251934,0
725.22,2184,2,0.8613207176372669,0.7500629157335212,1
257.47,1587,0,0.7181637783916724,0.9077506423605726,0
1618.74,2190,0,0.8906747549309438,0.633827118027082,0
359.07,150,0,0.6164599415431217,0.5961550293797749,0
141.58,2010,1,0.7089991758276887,0.3792195578101073,0
2045.39,2109,2,0.8351333688171029,0.47805165971509334,0
368.41,1059,2,0.7165678965537482,0.43222754673698527,0
424.2,199,0,0.5462413594197775,0.05517647655295532,0
695.96,3546,1,0.6996568063441954,0.021852886903339197,0
2337.53,2589,0,0.7997530359721023,0.6174038342364849,0
679.96,2269,0,0.8423484968984669,0.5098387837552275,0
177.86,2800,0,0.8581770567564125,0.24489080376863304,0
1209.87,2449,1,0.5732587757781903,0.892750963066915,0
390.14,491,1,0.9087078986975329,0.20659490003258196,0
5306.65,1660,1,0.7124532615652677,0.70049882548795,1
664.32,3243,2,0.48495588783708604,0.7883629109854435,1
56.91,1051,1,0.8513319496843155,0.8402269752712259,0
985.45,3548,1,0.6215917001290404,0.8395299385397039,1
5648.0,235,0,0.8888373204589449,0.7941817554979856,0
3765.03,1207,0,0.8145112219473221,0.4578001731969722,0
4984.31,1278,0,0.907025272781875,0.6239115599639901,0
216.65,2253,2,0.810784311986017,0.8577113789533646,0
1814.14,643,0,0.8987194661143595,0.42028938320117026,0
300.61,837,0,0.5569330385829531,0.6708549752865717,0
851.26,2416,1,0.8102599659848111,0.15953633095638875,0
163.98,1039,0,0.9044936976771847,0.5646926115546486,0
327.37,3208,1,0.5575483387653005,0.14104590327217892,0
316.12,3176,1,0.8855246091963955,0.6602909930759451,0
1787.21,1105,0,0.5604399012656661,0.3768309532393487,1
1604.86,2044,1,0.5563084004150488,0.22784293434168912,1
901.9,1215,0,0.8866215841695803,0.36074324751774955,0
150.59,1259,3,0.8574352278514925,0.7014171225840012,0
472.1,2447,0,0.8026303652744002,0.9080334240923946,0
292.74,1070,0,0.2295839226399164,0.011280948695762683,0
1731.33,545,2,0.9141834548254271,0.16784794688345817,0
2430.87,946,1,0.9665378964064087,0.7057333402691236,0
2126.06,3392,1,0.5880223900559365,0.568734861735542,1
289.82,947,0,0.5917437225828649,0.31918304746138515,0
32.67,1328,2,0.8245006596200143,0.6517632530701277,1
95.23,2295,0,0.862272718039983,0.8671875626364508,0
3177.31,370,1,0.660255768045782,0.2579786725312,0
427.78,980,1,0.8603000208492791,0.48567217730749235,0
291.26,638,0,0.8255494550152666,0.020767341297064368,0
4051.84,3373,0,0.7851446433464522,0.9459959795442031,0
2674.92,3404,0,0.9186871733837825,0.801643732725707,0
683.27,2758,1,0.8666395655922758,0.5050905368380026,0
481.67,902,1,0.5277383797334111,0.9919979909349492,1
575.18,2250,1,0.8398378425014806,0.2202186294839381,0
853.96,2417,0,0.721260272673355,0.7439705489859431,0
3866.3,3173,1,0.5371211090056746,0.7695065654298433,0
1058.61,570,0,0.7169827629281371,0.8308558121759483,0
1478.28,2687,0,0.4088174604674861,0.6850963035834999,0
2407.15,709,1,0.7658088804580586,0.1905906024912969,1
183.71,2076,0,0.8048522062472583,0.09133411951104786,0
1525.91,3209,0,0.5732550572694307,0.18035720786275955,0
481.05,227,0,0.6918618901917383,0.8583185223156768,0
41.77,541,1,0.6199960832308797,0.4019951032772131,0
64.01,2968,0,0.7204993944040176,0.546166088899504,0
217.04,69,1,0.654309475034959,0.025372995069434023,0
1193.14,2501,1,0.558983146204203,0.49142852894840106,0
753.84,1829,0,0.7772208970921536,0.40926926833324917,0
814.69,1265,1,0.4663059887347569,0.5345602440124139,1
5687.57,3149,0,0.719203172459006,0.3752734351189848,0
164.68,3098,0,0.6536386177990828,0.07544220129501211,0
645.37,1190,1,0.9812044190512497,0.04396031941730083,0
929.72,17,2,0.7485151412037379,0.9497969712069458,1
295.92,468,0,0.16687706969767693,0.6038186567706196,0
686.19,392,1,0.8145157298464839,0.6433962719479499,0
114.44,3585,2,0.6478115817647442,0.9154187991661551,1
3136.61,2179,1,0.7785300144661923,0.550861504579782,1
314.26,2470,0,0.5732429114775704,0.615552836978253,0
6213.88,843,0,0.545386658062512,0.5230385863675658,1
641.8,3105,1,0.7914575366385681,0.17597446074966827,1
2060.82,2638,1,0.9105617465798138,0.31151090752526034,0
627.26,2745,1,0.5713746144147179,0.8843399115892775,0
643.02,1709,1,0.9412851952309063,0.44386432981145063,0
349.87,2548,0,0.9558474362644157,0.2041495352725503,0
758.27,1986,1,0.6822295305796905,0.828040394824245,0
943.69,1404,0,0.6586345280095586,0.0873048880023557,0
280.71,2170,0,0.8106758454484103,0.639530286042393,0
579.67,1184,0,0.4070503896427384,0.7001244808996823,0
339.98,3477,0,0.7780716164388427,0.30376829992684395,0
8346.77,2617,0,0.739077188124655,0.16688479284517888,0
602.63,2697,2,0.9696063313097321,0.4482927663989881,1
3640.06,2616,0,0.8770387739569304,0.7550323047555771,0
536.37,1637,1,0.7358428830236862,0.8866915579274806,0
884.67,3469,2,0.517567944808396,0.8153368984663247,0
155.48,759,0,0.7244668061017865,0.10952919804656092,0
406.76,2076,0,0.5991743015679074,0.22277658488318075,1
838.48,254,1,0.718546569699259,0.6169857350779162,0
3807.03,1076,3,0.4759655721736205,0.7099101111301214,1
849.1,2097,0,0.8215670302563884,0.008738236922341103,0
3047.55,1787,0,0.8003464575436214,0.14257372888375552,0
1345.88,3435,1,0.9215379985451815,0.0940169079708637,0
3984.4,2240,0,0.933558549597686,0.3411092443975692,0
623.32,1502,0,0.64331461405553,0.6808023051916597,0
9221.06,1558,0,0.5017164491015254,0.9431941647646304,0
389.97,2232,1,0.7033315889111177,0.08952330879104287,0
286.26,2887,2,0.7877001109149669,0.5060913439420335,0
175.73,1010,1,0.37062880376103435,0.37246659589582,1
8639.73,2134,0,0.5267233591323535,0.39832155762928645,1
1638.26,2098,0,0.3688934827442092,0.0680463183583333,0
460.57,35,0,0.6691462977105188,0.2883208897218831,0
2627.86,3331,0,0.7947805389801392,0.25245599605671865,0
1417.23,2080,0,0.8417367727327776,0.7182986448167552,0
5783.36,884,0,0.8645524523211571,0.6418583322320481,0
121.19,2313,0,0.7726610554098747,0.6363104471609469,0
496.76,2474,1,0.7776570008981498,0.5192582529400293,0
399.9,3340,2,0.8671312348207523,0.3420851879676563,1
75.86,125,1,0.3385882034853343,0.24379204873043636,0
2135.29,1510,3,0.4176279646411029,0.01128379903508403,1
494.01,658,1,0.8285167711318812,0.14792804494715528,0
1500.56,2097,0,0.6509641827328158,0.21988154071699495,0
8917.31,1831,0,0.4502566238417623,0.9755635330232957,1
450.98,1734,1,0.496741928076513,0.9704516563628176,0
418.52,3584,0,0.8572457528584139,0.7676661608994398,0
757.88,1941,0,0.8117811221389661,0.6103260238044967,0
1970.36,1500,0,0.8854689001455069,0.6688084042983705,0
356.6,246,1,0.8463372637530058,0.6005490533862388,1
332.27,1057,1,0.6021787923347179,0.6468301430778415,0
2127.94,3275,0,0.6177680979048579,0.2192369085628575,0
1008.79,1649,2,0.6246094827347202,0.9767019166390936,0
70.16,3323,0,0.8146984216937507,0.7566385194499538,0
172.79,1944,0,0.19435141060529382,0.2342437280396813,0
3468.09,2000,1,0.8065224545840061,0.5136479396162419,0
1034.96,1569,0,0.8827455145938827,0.7892173103140652,0
287.6,2031,3,0.8736295598245775,0.9111601074888462,1
551.45,244,0,0.6692190155967145,0.3838444995816185,1
674.9,211,4,0.5025627756772116,0.48373028180799105,1
1494.14,1737,0,0.9496151331352665,0.30988269242260325,0
149.29,2182,0,0.9140947188062483,0.3765793538894646,0
263.74,2011,1,0.6976907609693536,0.22770934904833928,0
898.07,1566,4,0.7299253236935725,0.02991170515742092,1
595.97,1073,0,0.814271025225739,0.416330797462678,0
1247.68,2588,1,0.7688008588766156,0.470578593435372,0
172.01,2207,0,0.8540116816902107,0.779896912551871,0
985.2,172,2,0.5189477795110371,0.5226215627945969,0
2209.99,1651,0,0.6706600860551466,0.32639722434766016,0
1136.26,2595,0,0.6406998942804507,0.46324282737068,0
775.12,2862,2,0.48671912048695465,0.7961328059793692,1
598.56,1047,1,0.8547793169975149,0.4809509503904449,0
265.51,3376,1,0.6841681338855774,0.5551830108921666,1
614.5,2379,1,0.704156820943408,0.17299894451765851,0
2658.92,1598,0,0.5196524575669356,0.0076352839731466116,0
583.51,2289,0,0.727151425715152,0.9296766453455513,0
249.94,3181,0,0.8019943508470911,0.2679648732792529,0
387.04,828,1,0.9582857178613282,0.34757500998846413,0
829.59,549,0,0.8968911936795587,0.11484656707737673,0
441.04,1608,0,0.6104176470878575,0.5129979715384598,0
1134.37,307,0,0.5515205669930597,0.7370988464683104,1
1182.19,3050,1,0.7374929680224093,0.6860670851189061,1
1768.49,3542,0,0.5961581354622768,0.8556021147933809,1
3184.07,2210,1,0.7163180839099973,0.28657009325826954,0
1989.11,3576,1,0.6697112842633288,0.314663280239053,0
238.02,251,1,0.6706483413913884,0.9655735429707785,1
246.19,2309,0,0.6902561677417378,0.4565997979505614,0
611.95,1617,2,0.748115785253826,0.8345137176256915,1
404.93,1013,1,0.7298734082749746,0.6115020400073219,0
190.16,1138,2,0.6363648104127314,0.18086480065344346,0
409.17,1990,3,0.8446094283156172,0.9574381476670119,1
394.66,2342,1,0.8371157298268745,0.32444279058544123,0
317.66,599,0,0.8599700727661514,0.6417915197630012,0
469.95,2243,1,0.63620801461874,0.25451564825688444,1
2431.58,3381,2,0.793163501583239,0.5756681103295621,1
828.12,38,2,0.8335444250352617,0.5411145627207345,1
10086.87,3206,0,0.6252049740351726,0.2610382253042087,0
802.36,2218,0,0.5715108671281721,0.988770884361972,0
483.44,1249,1,0.6673077767277744,0.1406835197791806,0
668.17,2682,3,0.8991274439438101,0.44301254226243825,1
881.96,2255,1,0.8576194208315518,0.03137748821559094,0
1073.61,2806,1,0.966770309021669,0.6827225777580423,0
6531.44,297,1,0.7129805009454109,0.46210359060292916,1
262.47,216,0,0.9387432188023824,0.5600925591937154,0
1711.2,2343,1,0.9147299703044672,0.6985072001387215,0
835.91,1109,2,0.8411754876514375,0.7640087411071894,0
118.13,870,0,0.5950983160105516,0.9658276912082645,0
1552.73,1538,1,0.6974808991981041,0.8639961151588385,1
2682.18,2647,1,0.4837732612532728,0.32380469573785653,1
259.07,656,1,0.9562206452821298,0.7272647332220413,0
658.64,3552,1,0.4124019435460114,0.0759644231574288,0
99.69,1536,1,0.7461978820865571,0.13620685733804982,0
166.55,550,0,0.5164188102789948,0.459612617143204,0
2106.6,260,0,0.7232467556400586,0.4596245441211886,0
398.2,3129,0,0.6956292119693703,0.5057506528568225,0
196.43,414,0,0.7036046414070469,0.4751970085473113,0
856.12,1529,1,0.9698525978407451,0.6413786791897825,0
374.41,2441,0,0.7136493617464259,0.954345447298581,0
396.27,1873,1,0.3483371817913541,0.17268913051388868,0
1500.06,959,0,0.48731263916487566,0.35746246090782796,0
185.32,394,1,0.6851672396510727,0.07426547659333105,0
245.7,2596,0,0.6978077104171722,0.19998319442575607,0
787.99,1790,1,0.5030564024238838,0.9873050996960482,1
1932.08,176,0,0.6456085381793905,0.039556716195993546,1
2596.65,662,0,0.8741114341810486,0.2136778231345765,0
320.04,2054,0,0.6817980489835104,0.4265043187318468,0
1865.18,615,1,0.8074185037519813,0.2926693472724574,0
280.74,1429,0,0.5946297509138913,0.5452231973102915,0
4958.36,455,0,0.5956864277989479,0.9904465806711134,0
191.11,2909,1,0.5809739131540473,0.7039332777474558,1
2867.88,2301,1,0.8891693720268231,0.4058603447795872,0
323.07,2861,1,0.7305417949435042,0.6829367389502776,1
6091.02,192,0,0.9183519277834948,0.8722566186588712,0
1274.68,1371,0,0.7412411023700513,0.22900280537857487,0
217.54,977,0,0.4172272549037791,0.7169294553928993,1
374.48,2273,1,0.7197382036750097,0.6139503318657284,0
1570.74,2998,1,0.47700815818311226,0.7338202928773228,0
2117.33,831,1,0.8117243760893463,0.08416015248875752,0
615.36,2809,2,0.6845454339725929,0.7329416078373059,0
698.63,2118,1,0.7807685450588355,0.7880257777719675,0
1531.78,3007,1,0.7448394861030235,0.68723218242216,0
768.91,297,1,0.8366491718804441,0.1972405269451072,0
160.32,3616,0,0.5928575714279811,0.16134442454901676,0
271.98,1586,1,0.4132070774743189,0.7383766557905131,1
861.46,1023,1,0.8276994069944937,0.6477084027047659,0
2532.67,667,0,0.8536866558979275,0.9836354807652765,1
3934.66,3594,1,0.5792622769114458,0.4547453181314153,1
1567.88,3224,1,0.8102609640992494,0.22931646529298688,0
912.35,479,1,0.9357343226192221,0.7697220760542661,0
1515.79,1624,1,0.4998806562478992,0.7485252906404741,0
319.44,2677,0,0.8100136796118523,0.5227031162272149,0
561.97,2156,0,0.9178915942311949,0.7460491552696371,0
268.66,690,0,0.7051944912694335,0.3105924201173943,0
168.41,1316,0,0.84183013016406,0.21572032799443763,0
959.97,1344,0,0.5526478789842819,0.12609534016136037,0
815.71,1054,0,0.9671349377902904,0.2904779148642509,0
1417.17,3506,1,0.20547708783971713,0.6545665365863872,1
1212.84,741,0,0.7333705049904935,0.25843016021575393,0
868.62,2579,0,0.7061026734660876,0.8834389173228514,0
1226.94,3328,0,0.5043729521123843,0.24976311911528204,0
634.63,2901,2,0.7751493765851593,0.6844477655375251,1
1047.52,2918,1,0.6779426460631627,0.5275646858980672,1
299.24,580,1,0.6474963839283854,0.21154710830308165,0
998.92,487,0,0.8421946559902707,0.5561970269765127,0
1387.5,2857,0,0.622509662344934,0.9547331142535047,0
318.41,2725,0,0.8517917003132954,0.9441775325677821,0
704.17,2708,1,0.814543035564425,0.2915940519186039,0
334.97,1528,0,0.6641922411589668,0.536488547579049,0
372.73,1911,0,0.4871694974207703,0.15085591341116533,0
192.98,57,5,0.9010239723222447,0.4690356530041997,1
2676.73,1062,0,0.6667713051624825,0.32149491215322235,0
2147.92,1929,0,0.9136496857373761,0.9294831423858271,0
1201.32,459,0,0.8593009226878944,0.632681630427665,0
5822.1,475,1,0.619398462707827,0.184927431678502,1
540.14,165,0,0.730620827914751,0.9923390466889646,0
18674.96,767,1,0.8966294888196079,0.6941754651027001,1
517.87,3624,0,0.8227405275911985,0.13467543749694355,0
880.7,2540,0,0.626380136107296,0.7995516928300584,0
429.42,3461,1,0.6910325047291287,0.5575583893329864,0
1001.8,939,0,0.877848981205961,0.40026126297757636,0
1667.66,2186,0,0.8071155656999293,0.1963172186610509,0
586.8,3255,1,0.7741282149624273,0.27792769882082646,0
4695.65,1285,0,0.5775835914254092,0.1672577001596086,0
865.29,2399,2,0.8747017795430965,0.8033549956660283,1
895.64,2529,0,0.9358565268719559,0.27297498860667857,0
244.72,3038,0,0.9717389468270338,0.46996187195744465,0
1054.0,3538,1,0.8523214291721131,0.9679143087448028,0
573.97,2245,2,0.6903243006271976,0.9945572104654138,1
340.68,2126,0,0.6011716289825959,0.7912681199189128,0
283.12,3171,2,0.3425103814165277,0.7989106305725292,1
12568.38,2498,0,0.5956453734050468,0.9448469058055224,1
497.79,1320,2,0.9150373952190898,0.7968229118125845,0
133.93,2300,1,0.6374943194981928,0.4509513179242288,0
308.57,2004,0,0.8062306292866448,0.060310906322710744,0
628.46,835,2,0.6906745686953555,0.2083699032574321,1
1213.58,1883,0,0.8581196962040466,0.44454926795827543,0
1224.49,2276,0,0.5250887023776003,0.26541016499427206,0
1400.07,3298,1,0.7954266983623763,0.32918264419202636,0
327.23,2119,0,0.8810257463714479,0.05893076777688788,0
967.28,602,0,0.5577169511412292,0.5521287893390326,1
253.75,3604,1,0.5694471356395389,0.351579974509577,0
336.43,2110,0,0.8061209735135537,0.25884030710842254,0
242.38,1048,0,0.9151881584162161,0.6103731116380492,0
179.97,2753,0,0.6483453880700867,0.2767771965945568,0
2144.43,1404,0,0.8717167261947067,0.4762632220438928,0
1418.67,1351,1,0.7459449130753398,0.24640217132563302,0
1947.56,3064,1,0.566427778933767,0.680514161353602,1
694.54,3166,0,0.9834345844722078,0.8541529294887945,0
1563.2,1912,0,0.7297743631997133,0.08171059311287387,0
95.83,1362,0,0.9547797705081863,0.8198503055499297,0
1718.83,3151,0,0.9588801512893267,0.8516981643977064,0
808.22,633,1,0.8677613067511138,0.9649277915623323,0
1325.87,2727,1,0.8965271739412739,0.8278379179911554,0
1010.32,2132,0,0.5752661662455714,0.5523908269510275,0
224.58,3117,0,0.6431218255064366,0.07025408308455705,0
128.02,1535,0,0.3584477008789186,0.07444874772262577,0
303.91,3037,1,0.6198577113866729,0.19670076935212044,0
1238.19,56,0,0.7023005556571428,0.44709971708238194,0
1420.98,2767,1,0.8781766369699243,0.9554396381568633,0
147.71,255,0,0.8198355425894002,0.17535365086235588,0
226.06,2345,0,0.9218397108814532,0.5387973248387319,0
300.2,713,0,0.637415335880112,0.9980708849098326,0
448.97,3516,0,0.6618272036216731,0.013777914187126927,0
148.67,2808,1,0.5736919346340383,0.04698223771438437,0
139.18,382,0,0.6111276795102639,0.26991239825779045,0
269.34,3256,1,0.7570057880601231,0.2251482366738159,0
731.34,920,1,0.844289456310084,0.4986014229711304,0
181.52,1992,0,0.7498541009832795,0.4204520024253633,0
585.59,312,0,0.6572392491158703,0.5836433859131249,0
2131.13,386,0,0.7399982903397703,0.14707741800243124,0
158.86,881,0,0.782277510907687,0.6858426790382994,0
530.02,1951,1,0.6682845706338251,0.21469370865937198,0
2053.36,1982,1,0.5278276252751315,0.45199188322062656,0
419.85,3123,1,0.30405781464151665,0.03335012844050911,0
353.88,603,2,0.6210056200537905,0.7978605737861728,0
2391.9,2735,0,0.8818603840857193,0.6271070109094282,0
474.93,22,2,0.6388734553283001,0.208772708036981,1
2241.6,1063,1,0.6646236319833494,0.6017515486674797,0
1066.21,639,0,0.6294471543269293,0.4370074058901662,0
456.17,453,1,0.7141243571138927,0.8262677528310264,0
1127.39,2133,0,0.783982081973982,0.9837204560284988,0
946.24,3287,0,0.4739720201386064,0.12452044900683878,1
2044.63,2434,0,0.675297815638844,0.4901066112966389,0
363.88,3117,0,0.6742306228622584,0.25802299009086316,0
695.98,2159,0,0.7304750234141426,0.7496821695936271,0
621.62,197,0,0.7199311541589898,0.03446332745781144,0
1443.12,1263,1,0.8196952365085761,0.5445750693693379,0
215.36,3006,0,0.8444997495500347,0.8570952379299885,0
2035.86,162,0,0.9545375061882854,0.38928633590304107,0
1110.94,355,0,0.6785985340868885,0.8378969362530831,0
156.24,3043,0,0.8120877134617118,0.14689041646598588,0
2512.64,231,0,0.6146241919249843,0.918325667367013,1
7765.94,3502,0,0.6784879704532335,0.7914524361975587,0
2002.23,2769,0,0.5733809987255852,0.3910984832596258,0
3196.09,2428,1,0.8678054648360313,0.1306277706362402,0
730.63,1957,0,0.925781839177771,0.5204226865241564,0
106.95,327,0,0.792108371418221,0.6704262815715206,0
87.49,1513,0,0.7569939924514022,0.12892654074700227,0
880.59,2948,0,0.32577226510454915,0.9331743326822102,0
346.83,3299,1,0.857066665859995,0.7627017365155929,0
243.22,1632,0,0.5810951734919216,0.9516313425823428,0
620.78,3063,0,0.9516580844584208,0.2992433688410997,0
1309.16,2834,0,0.6209175494454953,0.43343025835025295,0
134.55,211,0,0.7588718319083212,0.240109254251765,0
405.95,2264,1,0.8370369736071581,0.2737834895130494,0
3501.19,2249,0,0.8575127543950813,0.14528669578096265,0
203.81,1981,0,0.9128648965042981,0.12523598299633676,0
1731.49,2819,0,0.6536093826321964,0.670784439249159,0
390.25,3246,0,0.759418785986855,0.15694332796747457,0
1212.42,2009,0,0.6702793612585832,0.13343512085798914,0
2223.99,1170,0,0.4610929864288901,0.5345857250057177,0
1503.29,3587,0,0.884743904643405,0.703998077279837,0
1808.18,3517,1,0.9651893880657666,0.7780384635750056,0
187.4,2504,0,0.9133559693900279,0.5802390384708787,0
2264.31,2338,1,0.8314823601707605,0.20156141510962855,0
260.35,381,2,0.4774069983671476,0.5732301088573304,1
884.92,1466,0,0.5106457766912013,0.6257973370253453,0
883.66,724,1,0.788352529004043,0.25809742809195324,0
1134.15,1879,0,0.9019783576041009,0.14448530482415078,0
963.58,3015,1,0.7646784037958986,0.9256507025515404,0
262.91,820,2,0.9257627135712643,0.09594716421048288,0
150.68,3638,1,0.46537525460055956,0.27718140776428035,0
1736.42,473,0,0.603299437975689,0.2314482970580971,0
816.0,359,4,0.8037957575891724,0.8919843158376436,1
2355.04,3556,0,0.6131051503128422,0.5019593392187417,0
633.2,367,1,0.5659401965877214,0.9565794660829162,1
141.79,2683,0,0.9040180743058338,0.8282192330621446,0
1925.12,2786,0,0.3881655788151107,0.754871140244383,0
442.57,1205,1,0.8270525176389254,0.17677949017815597,0
968.94,235,0,0.7565992825375231,0.3443537643333706,0
326.29,1126,0,0.8283528521475848,0.8202703836894263,0
4059.16,251,0,0.9592140383792226,0.9835307820663255,1
253.61,2454,0,0.8372989598679487,0.8779207917776842,0
458.9,3244,0,0.9374335711463508,0.948412165714135,0
748.59,3639,1,0.6508492846533207,0.641849777030773,1
200.06,2921,0,0.7507441563718202,0.4828172643379871,0
956.78,2827,0,0.8603809869657979,0.5147215314117426,0
3917.08,3217,0,0.6355628582067896,0.4584918037915884,0
387.8,2810,1,0.8461945082529254,0.15487036807474142,0
1027.27,2374,0,0.654038182450185,0.30576208459033516,0
32.32,3636,1,0.7191001008842187,0.09037408938445479,0
637.26,1177,2,0.8097032865837891,0.08856016207044592,0
471.37,1507,1,0.9513982736672141,0.3118344947084515,0
270.33,3308,0,0.6586244195252037,0.6661258500317012,0
2185.49,1135,0,0.8683176129925448,0.6137100670180159,0
464.58,1091,0,0.6294033126327623,0.5594630625950143,0
547.18,555,0,0.6193875338858269,0.7489322759777903,1
439.26,1006,0,0.5750074409688126,0.42269159864475725,0
80.76,2167,0,0.7888088877002104,0.44210188274232354,0
191.49,3235,0,0.8417278548493912,0.5180184061720747,0
1914.48,498,1,0.9448540827995207,0.06659054029962286,0
65.3,2485,0,0.3997144663796167,0.5816921236185387,0
286.3,2797,0,0.5767872236438284,0.7502393678858368,0
428.51,3269,1,0.6454393305358199,0.26364237909595856,0
4527.77,2737,1,0.7328995888557909,0.8548138785614044,1
1549.15,569,0,0.6955377119330014,0.26621636453858666,0
360.36,1785,1,0.7872370752914982,0.5132135003636132,0
2793.26,3475,0,0.771111653941869,0.8744743313180636,0
294.55,3315,0,0.7659992288459488,0.7381285668883002,0
2018.3,2236,0,0.6006297045839956,0.5761274285395311,0
149.19,3515,0,0.35238991276951437,0.6227314176305689,1
2165.88,2438,0,0.6011022832598989,0.10888654473181181,0
425.49,237,0,0.8097494145764637,0.6993213380171079,0
214.57,3336,1,0.8339612304172039,0.611925777439445,0
523.82,614,0,0.6964047419240087,0.08453424885149607,0
902.42,1390,1,0.5704943703447027,0.12430884365114969,0
385.98,869,1,0.8111609729706885,0.9710054903333377,0
1223.35,2626,2,0.3549686942964914,0.17811149633020995,1
350.27,110,1,0.85566609798358,0.8957730273965553,0
1316.08,2337,1,0.9162085380401783,0.27583388156480315,1
1081.87,3155,0,0.8150864842010027,0.3961214586925461,0
622.03,2875,0,0.40523232739239085,0.5554892906320607,0
409.31,1121,1,0.8564975338293985,0.6258682751870827,0
785.79,3273,0,0.8575761855681028,0.49777909258778097,0
1218.38,1322,1,0.7773023113407738,0.3484376750023648,0
6425.17,2482,1,0.7519353186060198,0.49868738371470855,0
1869.38,1849,1,0.5033332940919913,0.7006873575448742,1
1946.11,247,0,0.9470131124331114,0.3964830770602914,0
19877.89,11,0,0.7277602652784073,0.5452459338993297,1
1173.28,669,0,0.6807172978578577,0.3791732506458164,0
1133.55,3411,0,0.7079040909047127,0.3299267712906456,0
1442.91,3482,0,0.6131491138390823,0.29881860468048527,0
219.23,1497,1,0.7763338325689229,0.2239539872253039,0
408.18,3535,0,0.5925035100279723,0.7607700556463638,1
381.16,181,0,0.6981922901482279,0.9838964788722483,0
1356.11,3531,0,0.7210296962665551,0.028993816810315876,0
549.17,843,1,0.6917568305091041,0.1960627896638205,0
774.37,135,2,0.7979158166024286,0.9642498057797636,1
2199.97,2766,1,0.9238282004502862,0.3417751999625672,0
1718.94,1396,2,0.8443542237835479,0.38897452848469083,1
556.74,1067,0,0.9692857206615991,0.6629677810079393,0
318.3,2773,0,0.42239035389609014,0.35268518870792454,0
2318.79,1216,1,0.662911581531011,0.4927004552289699,0
1558.19,2748,1,0.7398578545047605,0.9007195386610771,1
113.65,713,0,0.8222185468767095,0.5647838105382962,0
471.32,314,0,0.9085529099703556,0.6668803841780866,0
797.97,1186,0,0.5706596658765073,0.2170837696278789,1
1566.68,2225,0,0.5885660148254727,0.26145234886093205,0
1810.05,821,1,0.8573229323695198,0.8915575770624519,0
908.96,522,2,0.629214067235691,0.9175823704296828,1
1266.2,2734,0,0.887582510628421,0.8069791548687717,0
713.76,1800,3,0.9599453626777941,0.12206529767020846,0
316.96,1575,1,0.5594118996987796,0.8185324877376293,0
499.0,875,0,0.6416761495403476,0.01922772687172447,0
679.18,65,2,0.4212812740240924,0.5965544541415049,1
640.25,194,0,0.6037785127558417,0.6752623472180918,1
83.59,2487,1,0.46342563858338837,0.426402631840739,0
429.56,292,0,0.7558391434751774,0.47921346142204857,0
707.56,902,2,0.737736465216087,0.741849309347317,1
488.09,3324,0,0.42422977838975384,0.8948766531832423,0
506.99,1256,0,0.879411081865383,0.1893377952271036,0
1137.73,2718,0,0.8057916095528496,0.1384846970505007,0
202.99,1253,2,0.9452321724969796,0.6299920745629376,0
110.96,3401,0,0.7073103033232259,0.23075959819408076,0
453.51,2999,0,0.8033129431514225,0.19422471132170172,0
1541.52,1715,0,0.6711454166137226,0.2034913349973524,0
4256.95,2498,0,0.732392187052329,0.19683857030134122,0
1572.37,1509,0,0.7481604581393272,0.4771181153157248,0
132.28,3447,1,0.939514903980139,0.9643899443030858,0
515.12,1308,1,0.8712192391413129,0.8280699868554843,0
882.09,3053,2,0.7953814845188399,0.5433355928687786,0
808.64,2249,0,0.5966942795833786,0.08116525298240063,0
1203.8,2349,1,0.6807653704254757,0.6729314570966927,1
242.56,1283,0,0.8956262062089739,0.4511424565162677,0
714.4,3040,0,0.8915008945767295,0.7783599333536542,0
1056.12,2724,1,0.6689306643819468,0.4939573477463317,0
1649.52,2975,0,0.7201268714167334,0.6682737383392383,0
274.16,2925,0,0.7241882743092043,0.20004953230847544,0
455.01,576,1,0.5172926230561169,0.8332154331788519,1
33.98,3196,2,0.8724697739898617,0.7794240611984578,0
335.76,3072,0,0.6897688638175524,0.37401454356558417,0
373.58,886,2,0.761438131397223,0.9636441543955871,1
216.69,3583,0,0.83251492285771,0.16039477575217698,0
798.05,1924,0,0.5484158437564528,0.02001325845972146,0
625.44,1175,0,0.8119142542213563,0.7631374511541331,0
55.42,816,0,0.9631785221558233,0.6005672030356495,0
843.08,1331,0,0.46573743849746235,0.11092164121880876,0
239.57,138,0,0.7240218248194297,0.15950664504034895,0
1134.85,2521,3,0.8565693399026948,0.1308788230294915,0
162.38,2583,1,0.6423506040804952,0.16685315351707564,0
687.46,2437,1,0.29959856826048986,0.4614073114675483,0
487.12,2004,0,0.7412288790783109,0.05096229887776538,0
928.35,1324,2,0.9435020231415263,0.5193865039718747,0
762.93,2642,1,0.7133255101569087,0.6053733849736577,0
502.36,3180,0,0.7570939314393988,0.7273681719780617,0
122.74,320,0,0.5095687276476616,0.9460332004235534,0
130.98,1398,0,0.7843812426498694,0.08247712655143269,0
349.93,3633,1,0.5363856323119068,0.035157874487586116,0
659.11,3146,0,0.5085834899664432,0.13913862018222634,0
340.67,3629,1,0.531155994528516,0.3373147041819172,0
1323.1,669,0,0.9024049396847614,0.5253617142369599,0
489.24,1697,0,0.43673085131124795,0.00428589466738305,0
230.09,476,0,0.25003765940483075,0.6923696719947497,1
489.85,3161,0,0.6323229641501873,0.9568824234476876,0
852.73,1894,1,0.7739123144664593,0.24977892401757718,0
950.87,889,0,0.8914413814042194,0.008797039222742331,0
5251.23,330,0,0.515744046828354,0.7532453388817156,0
318.68,2692,0,0.8444801140650952,0.770050319773092,0
613.5,2963,1,0.7018341347897679,0.043509388751610145,0
1062.88,3209,0,0.8832128865224042,0.6173222920818365,0
648.22,3545,2,0.8338564038270501,0.24283972618993677,0
383.49,2973,0,0.41583916208331495,0.6328746605402367,0
121.0,2870,0,0.9551930890433941,0.7263785416376982,0
379.21,2963,1,0.5545898477592027,0.22274321456802826,1
204.16,3645,0,0.8945864234932989,0.2607595793419689,0
99.56,1690,1,0.6812864099555702,0.6115743373266388,0
277.2,2769,0,0.7969572786697419,0.5822626167228183,0
210.23,2993,1,0.6362721781855,0.8861667298075752,1
1264.16,425,2,0.9168619385460988,0.5103684404433779,0
1288.46,2521,2,0.7611422099152285,0.7997673767862538,1
246.1,1237,1,0.5464499997896024,0.7320070814796156,1
499.57,484,0,0.7586064794755861,0.6656999994996885,0
86.14,622,1,0.8042628494871221,0.19177297784869407,0
386.15,417,0,0.8160094156596459,0.27636043565142165,0
1031.61,3276,0,0.4477305392487104,0.5667694830718933,1
1648.19,2817,0,0.6193780665291738,0.06594366485007386,0
303.58,373,2,0.6757135260969361,0.045049390821834456,1
2115.49,2283,0,0.6761789068464039,0.04981700984845738,0
125.55,2410,0,0.4472950168426244,0.921307692212677,0
168.61,1896,1,0.8456153195103302,0.6888785564165338,1
1451.9,2212,1,0.7236610502450989,0.8367615053795052,0
4180.7,3311,0,0.5776422166166346,0.9634168337982397,0
1144.56,1894,0,0.7241337103866066,0.7009691354796658,0
636.27,2407,1,0.7318287793047601,0.5153212932591724,0
59.46,2084,1,0.504522751098225,0.4790179087096278,1
71.9,1446,0,0.7332698701943792,0.7460272007545221,0
766.9,3251,1,0.8054762808687282,0.8678972492247722,1
448.6,1511,0,0.7148249392746838,0.8296161250818854,0
197.07,2920,2,0.6006559923289663,0.4929453197145408,1
714.86,2209,1,0.7530629143627652,0.7735090367372323,1
754.94,2500,0,0.5776082976996441,0.4765864478634301,0
1879.68,2775,0,0.6944314231514079,0.38438560373637765,0
772.99,2686,0,0.8222905192044964,0.297671562610325,0
2568.9,2060,0,0.7090464595865602,0.05454565243690512,0
671.02,2246,0,0.8081973991177622,0.20116253882959134,0
585.89,1857,1,0.44712160893606206,0.7300070548032225,1
2144.68,1238,1,0.8128895683254475,0.17171081874711724,1
226.72,2653,1,0.6970953063727838,0.9011770555659304,1
14704.26,3208,2,0.7846718996080344,0.07858264460412256,1
1005.04,2574,0,0.8772769940886523,0.051126876560729784,0
1011.22,2818,0,0.5068774334090348,0.4810824805444498,0
1185.13,3030,1,0.8310168382696029,0.22266394587413274,0
5244.05,1341,0,0.8774686319718924,0.10295294013022083,0
1590.43,229,1,0.6964216450468957,0.05986794664933681,0
113.8,1232,0,0.8532256864422083,0.5272965310848219,0
3114.48,2755,3,0.7011602070833736,0.2594642060613864,1
457.15,2977,0,0.48560196352438734,0.5557664158493651,0
748.35,1875,0,0.8453113665622836,0.14829778625204704,0
162.85,2842,0,0.6061547968789459,0.02442402867495852,0
1186.57,273,0,0.7980126887137124,0.02725921712967605,0
324.89,2351,2,0.9003756834811518,0.11267284788597987,0
742.62,2478,0,0.8269520403717192,0.7960424195472832,0
486.62,1854,0,0.8212293164538671,0.44851400852963175,0
5527.63,2615,0,0.7205607527985913,0.623860440369835,0
5886.91,1794,1,0.6470690082691388,0.8749894388982477,0
700.06,1911,1,0.8735443436745651,0.21260486827879577,0
713.64,2204,0,0.41823021231462154,0.8713486030499121,0
441.07,2897,1,0.5515458177324404,0.7456354673246024,1
2245.33,908,0,0.7382157975242698,0.7290181107827206,1
463.21,1096,1,0.7684041152464818,0.8707367401020407,0
418.44,1529,0,0.8486131985706763,0.12587768726830917,0
1951.69,737,0,0.6886141560738949,0.5405011329602833,0
367.92,1220,0,0.8248150641433794,0.4835333217260267,0
638.08,1280,0,0.7605130945506281,0.6639995383365641,0
116.81,1147,0,0.8093111227121269,0.2379888656344874,0
1443.19,1497,2,0.9268244353322892,0.1273262599854169,0
5624.87,1842,0,0.34513907435591296,0.9734440339362822,1
1470.49,2540,0,0.4881349408335463,0.46568152449158284,0
3320.86,1106,0,0.9099836774122075,0.23202028672509223,0
262.25,3086,0,0.5627734910148298,0.1286561284331489,0
862.6,1750,1,0.375634749213546,0.5935982756155183,0
235.69,2631,0,0.45164446262743585,0.14776226728167163,0
517.73,419,2,0.8359642958650673,0.18304263533662135,0
1555.31,635,0,0.6019888400636677,0.9521527379546941,0
743.97,1656,1,0.6954214814702113,0.029165662696446826,0
140.62,1337,1,0.735005268180744,0.18683022344352418,0
156.56,1811,0,0.6795990617658255,0.6712190082774041,0
145.58,579,0,0.7225279532686509,0.21689402070674757,0
1142.07,1729,0,0.8185858298936795,0.18194000440207447,0
6440.0,2506,0,0.9248735035937575,0.5565002547814115,0
2977.1,2659,0,0.8869597391114525,0.6959564190154255,0
82.63,906,2,0.8243117317105344,0.43063274573155075,0
3175.38,1257,2,0.9122973190806666,0.7812878558732276,1
1863.18,1918,0,0.7912465137424215,0.8152100561404144,0
121.53,1891,1,0.8016747311043315,0.6230842694762843,0
476.51,2890,0,0.5016909104192255,0.5778190277699455,0
2219.58,1425,1,0.47702040577535515,0.816305109910863,1
1218.62,2449,0,0.8653712858342024,0.015029941116904144,0
157.59,3225,1,0.41202973040374025,0.5106348250941788,1
1302.21,1089,0,0.6424937048226134,0.1287325730366513,0
63.35,3004,1,0.6808784629882412,0.22155676270642344,0
520.56,1215,0,0.7675809446914011,0.9489992384955717,0
2325.64,1221,1,0.6063915839900501,0.0037102386851073366,0
678.74,2385,1,0.7900574199276136,0.30701401744436285,0
384.2,2269,2,0.9282030696664866,0.15436101249652212,0
1769.2,2006,0,0.9499317183394181,0.570416922510597,0
1943.46,844,0,0.6943190089592238,0.8442599218151482,1
2810.29,352,1,0.6118659052658644,0.39088879104824126,1
1740.24,3317,2,0.5921074054957766,0.8371854056173873,1
2185.31,3190,1,0.6315981438326627,0.44023645304747616,0
1489.51,3236,1,0.6873392911989362,0.9090439506404485,1
890.77,1871,1,0.6384687227229141,0.8469449630413027,1
733.96,3228,0,0.8225690869618127,0.17881950358705156,0
512.35,1728,0,0.7242570973636095,0.885064028020462,0
175.28,276,1,0.5638037552781349,0.1925640845318537,1
232.56,725,0,0.8806075575757953,0.4903947471870148,0
487.74,995,0,0.4207786830762382,0.1960039088865072,0
867.48,1376,0,0.8183294435425831,0.3864624745332865,0
3245.08,3427,4,0.22089344310615305,0.9856042876405927,1
635.25,1215,0,0.5467447153168029,0.7651401904924436,1
2005.85,2236,1,0.8069190429059196,0.5540737708315718,0
2180.36,988,0,0.6289014453663645,0.9354785301973614,0
515.64,2348,1,0.9208811962283474,0.3597035177454154,1
1279.42,2071,0,0.7737715164101614,0.1732058604314437,0
508.83,549,0,0.6907024296541381,0.8289526108922979,0
2847.94,1687,2,0.8515519205231525,0.012175360936717117,0
1338.66,385,2,0.4354190208556371,0.8045953967355457,1
179.55,3245,1,0.9761008741711009,0.0218571673070167,0
794.47,2570,0,0.7989812378979452,0.2843804312842865,0
4076.21,3435,0,0.4560364580528558,0.35549966553904755,0
544.92,3196,0,0.8061015901974143,0.31852912687610524,0
1088.42,801,0,0.7415647717204439,0.24343203931278223,0
1212.53,2581,0,0.6916990503860413,0.10817846076512871,0
212.66,366,0,0.45022529352631047,0.0031800713481248133,0
1166.52,3506,1,0.40111218393737985,0.774711848599627,1
143.56,2866,0,0.5432493133716516,0.4569157486695601,0
334.22,2484,0,0.5956823644315613,0.16194408297778085,0
2171.76,3631,0,0.7028303897470107,0.08217702948400196,0
984.79,3091,2,0.6937589767601303,0.2784378006036795,0
475.84,3152,1,0.8748337128539804,0.35437412342570707,0
1086.92,366,1,0.6369232960673978,0.4614184269034537,0
622.6,87,0,0.7729150073424185,0.10105351157554454,0
674.41,3508,1,0.5422930110920758,0.9799233391009086,0
1369.91,917,0,0.7420336501823434,0.2687463108700533,0
298.84,1556,0,0.7001778106307083,0.4412958944229677,0
695.32,159,0,0.4744271546433259,0.7090154305914489,0
471.78,2274,1,0.6094529179551742,0.3101902994342034,0
116.26,2996,0,0.8553697983541552,0.08249696110211158,0
241.65,3072,1,0.8578052396004809,0.37654045557379967,0
3733.22,2122,1,0.6331806081964395,0.5528727169962938,1
1015.56,2414,3,0.5232656080956191,0.8417539198536386,1
155.1,1875,0,0.8078714197655645,0.36792607888582707,0
122.19,1628,1,0.6469382501935482,0.889520960529575,1
587.94,2024,0,0.880466694261535,0.5460753544600846,0
3704.51,3416,1,0.6931717564052746,0.7174866411944184,1
541.62,922,0,0.5456235786672927,0.03016588570554013,0
2800.91,1716,1,0.6774948312243233,0.8957273227673932,0
979.58,2196,0,0.6680594084267626,0.21344707996073164,0
1116.97,2081,0,0.8052841028992135,0.3258686626191708,0
153.04,112,2,0.3287866003566456,0.5236552764571477,1
1865.48,1049,1,0.8238338043834401,0.9598298832589806,0
460.16,2358,1,0.7698999744699009,0.34567510970908144,0
1718.83,2533,1,0.8650360454416777,0.22050174091317498,0
271.62,2680,0,0.23796156603499802,0.9607271934388089,0
808.16,3618,1,0.8062658259070346,0.8084643374857179,0
979.66,2456,0,0.7260740943805523,0.6634202192278751,0
561.47,2116,0,0.6358293380762499,0.40963635223542316,0
1037.95,1212,0,0.7784718663511739,0.42045497992147807,0
496.19,1352,1,0.7221894877261512,0.9506704424023099,0
325.72,3016,1,0.7389156577482808,0.06895849962310363,0
3889.48,1711,0,0.869607997177318,0.7575002055352321,0
2108.74,2612,0,0.588978591409456,0.6011504774197385,0
288.03,453,0,0.7504146735667141,0.968435240330364,0
1243.01,469,0,0.9605291495664433,0.5584053140266028,0
293.85,787,0,0.7735922236237992,0.2805400295048738,0
180.7,713,1,0.7081155909168918,0.7799187772335665,1
2073.91,2215,0,0.8854138905218444,0.9856285786652085,0
102.05,2325,0,0.7765941386940063,0.9074536553340379,0
1843.72,2036,0,0.8722883180541203,0.29473921773461254,0
503.71,1057,0,0.7573103355537195,0.3463502913493346,0
527.05,2105,1,0.5665970082132769,0.7548201923343543,1
1043.91,436,0,0.7602828374340985,0.5981904888595526,0
1260.57,1726,1,0.8818635181604797,0.011612761792375914,0
268.01,566,1,0.7655183856303909,0.1418616479249497,0
1464.84,281,1,0.754824622250484,0.0854920535602468,0
753.48,605,1,0.7287342602823326,0.17872871651145927,0
167.06,406,1,0.7661790111462032,0.30490975644086427,0
551.77,1744,1,0.8546849945659014,0.9671995472755787,0
3039.37,1992,1,0.6854832946839059,0.6764693338515194,1
4205.94,2217,0,0.6001959840806198,0.05476128814887704,0
1464.23,1605,0,0.9374563490407412,0.6073651307946349,0
179.58,644,0,0.7896119022953724,0.43666429723124456,0
1141.01,77,0,0.9351959279837341,0.7540396426976304,0
1695.86,2600,1,0.5076967745832185,0.8839280554523395,0
1477.75,3587,1,0.6703167101418096,0.06521322609780078,1
1577.27,1026,1,0.7575946987336806,0.979932518059474,0
991.87,747,1,0.6336044664002746,0.05790525568477889,0
614.22,1137,0,0.668427131955189,0.7323733489896951,0
340.63,783,2,0.9817793482454562,0.9031319830227409,0
82.46,816,2,0.833385368193198,0.7517191746162596,0
966.43,1805,1,0.846204014618496,0.15078940166926558,0
816.2,2866,0,0.7926825917855203,0.20799272735640617,0
1228.23,2600,0,0.7673433423662339,0.04117906935366,0
152.73,3503,0,0.7759348949407063,0.1310719207728792,0
1352.24,1304,1,0.575075521487873,0.06101648646503621,0
6374.11,1798,1,0.9725096176729753,0.05363876061683559,0
725.09,1388,1,0.9369854655230601,0.5621118657200713,0
621.52,154,0,0.8341480527359282,0.07670017832766218,0
934.4,1418,0,0.8166495777161475,0.42506164123028223,0
6220.28,951,0,0.5430598665817248,0.7096629774058313,1
215.72,1747,0,0.72599930516999,0.015134757138796973,0
831.75,577,0,0.7145404347518305,0.6388775990814546,0
275.99,2707,0,0.8032468191620105,0.757183866357018,0
364.42,3076,1,0.5029635112185412,0.5366700942651756,1
629.83,3507,0,0.8482767146850303,0.4755917455367742,0
2927.94,310,1,0.8052258493549665,0.7308408639120417,0
4822.7,430,2,0.667571585342304,0.5297326218835345,0
1088.94,3527,2,0.9266054815505185,0.5092830380386371,1
439.55,3096,0,0.6921537931167192,0.8018163767184814,0
10321.79,2148,0,0.7865177379045492,0.8375547597964434,1
415.59,1174,0,0.9177628386317308,0.3684182435998419,0
354.87,1890,1,0.5589204475582212,0.4154790931220048,0
94.4,1955,0,0.9233935039610716,0.8007602293118015,0
3089.3,3092,0,0.8195896257242288,0.5448680888228803,0
1929.6,1932,0,0.8415549517792043,0.686813423565847,0
9505.12,101,0,0.9717522435235721,0.07517503664721026,0
144.25,2553,0,0.92903370326537,0.0953687395585695,0
3307.63,2836,1,0.9693251160490133,0.5318014437158024,0
718.49,1088,0,0.5864590510912152,0.8192275442258726,0
1614.39,426,0,0.7841181410975406,0.3165420929077639,0
108.58,519,0,0.9255423982393873,0.9606322634070266,0
3343.89,3068,1,0.6569048767066745,0.7603253263635349,0
1579.98,1634,4,0.709852414445345,0.7817116598867807,1
637.27,1931,1,0.9673466992979568,0.8340339410770098,0
1352.38,3506,1,0.6406350931654031,0.25448819915161536,1
286.56,224,0,0.8529993082183801,0.33032559968892794,0
351.64,752,0,0.7732163474961222,0.11843179446439356,0
399.5,3041,1,0.7610505710597483,0.3803558221250736,0
86.66,1971,0,0.6711063072278675,0.03583216344564166,0
1716.31,100,0,0.6869597282805756,0.7514874916619558,0
2466.99,2565,0,0.7955880632214546,0.8025571196643879,0
307.51,505,1,0.5651295706119789,0.21362247587161876,0
975.57,2855,0,0.7703541388765199,0.48989903365746346,0
496.66,2912,1,0.7597330870515372,0.6719927788698788,1
954.42,3009,1,0.7120153677461364,0.7425405317120829,0
333.51,1697,1,0.42835044257728655,0.9694383222643598,1
251.7,978,0,0.9275464935796186,0.20065329559519107,0
2116.0,3217,1,0.6510968380102815,0.2467239087277473,0
620.01,2039,1,0.7851765773990124,0.853879128762807,0
6150.69,2319,0,0.812440029766605,0.0972132164267202,0
699.9,499,0,0.8851723816977283,0.7858822626807239,0
240.16,2276,1,0.795673698605994,0.13334072172993516,0
2564.8,2117,0,0.7029801588569438,0.4644707120804268,0
1331.26,1067,0,0.7732123190340181,0.5922431526962902,0
1479.65,2799,0,0.3662171406732787,0.7678775767555246,0
2464.29,488,0,0.9037581726421795,0.11452967183499918,0
324.38,2626,0,0.9104124765215611,0.8240580920717326,0
578.26,3508,1,0.7402841191609206,0.8505575438051651,0
550.82,2070,0,0.9372399688730888,0.7934994691509306,0
160.8,383,0,0.7676339107513609,0.9373112487609581,0
497.73,2020,0,0.9842371850403269,0.8722251453786994,0
2892.91,1931,0,0.8033252221551128,0.7679787242241056,0
863.57,2015,1,0.9576442450905573,0.5793358196441493,1
151.31,995,1,0.7110288669950033,0.8086245785124345,0
120.13,2285,1,0.6239147729120595,0.9753328700331001,0
4151.62,964,2,0.8749574952118365,0.6373192487905629,1
602.24,2036,3,0.47770975051618625,0.24260512333890427,1
326.31,2170,1,0.7599252495230034,0.2478458699185283,0
492.06,2357,1,0.9814809352124437,0.7959872427431963,0
130.97,2912,2,0.48410952274142116,0.9894499563265311,1
3182.44,3221,0,0.8488966287557116,0.21031183450568236,0
431.66,2836,0,0.6674620883684051,0.9700846966130755,1
2993.33,2905,1,0.4560985462264744,0.268289152657166,1
704.03,3171,2,0.9023627726207482,0.41280292928349827,1
3205.06,885,0,0.805330764746355,0.9081532774182286,0
882.15,1069,2,0.5805550343950909,0.9618144673655156,0
1700.29,1946,2,0.9753267532260749,0.5669544097142252,0
1467.04,1700,1,0.8750373278542699,0.950090469462406,1
1320.31,2563,0,0.6887655924936533,0.8424190785572176,0
975.28,35,0,0.7246904922602296,0.8663955325996172,0
514.84,508,0,0.6347381384210745,0.8682483361365654,0
5469.7,2726,0,0.41226935877178983,0.386248808766542,0
245.27,3000,1,0.5890208589206994,0.030666069099766435,0
668.3,1104,0,0.5206758234420994,0.16465226679640355,1
676.12,1135,0,0.33298523878290887,0.07446836762475328,0
1035.55,2049,0,0.5027000163590971,0.24239819548673525,0
414.71,1742,1,0.7476374958738607,0.05529390281125801,0
940.32,618,0,0.4378507782835559,0.2769407369718707,0
552.4,1827,3,0.3172362617948284,0.5889600747634297,1
116.73,2990,0,0.5379947759406,0.14105987090493588,0
672.17,2663,1,0.45977034478755363,0.31574281293747,1
198.22,2983,0,0.6562341148459349,0.2241360085776829,0
98.71,2350,0,0.8433946590996795,0.0951022063374698,0
773.22,3202,1,0.7716482306889538,0.6760985883499703,0
1137.6,912,0,0.7393379282315512,0.8930263385812547,1
1187.22,168,0,0.7291832180168668,0.7159929299847089,0
1241.27,417,1,0.9656848057544847,0.6842142696325535,1
79.37,3622,0,0.7956480176204384,0.9830182466080598,0
148.84,2338,0,0.8079281614418362,0.7312751038287044,0
5830.59,905,1,0.6414800011295889,0.04710261224914225,0
210.2,3117,1,0.6862604652254802,0.218246450578637,0
1302.35,1130,0,0.8323622458817649,0.6374621170143753,0
312.43,2180,0,0.7769689796938876,0.6390443382812293,0
726.07,910,0,0.6986195711263135,0.8325984171717532,0
331.43,347,0,0.6060002241652104,0.15883481316566983,0
1233.6,977,0,0.6589283172182031,0.9812168109641621,1
773.13,833,1,0.7802117383457937,0.5162909766008609,1
406.21,2017,0,0.7682534357677046,0.9204124472917076,0
209.52,76,0,0.8480053098039793,0.5293430246191989,0
892.97,876,0,0.9649469318882444,0.18691480391457116,0
175.21,2072,0,0.7451951453996573,0.35101882814380736,0
1064.47,1437,0,0.46595442096783335,0.2211663196722511,0
11957.73,2321,0,0.5281987130482445,0.26422551195963717,1
2937.13,2393,0,0.561704990344219,0.8903578416763093,0
1465.84,3523,3,0.7763490374968397,0.3773945933302577,1
605.37,3051,1,0.7267709497827589,0.18267095474966222,1
78.84,833,0,0.8582240973821922,0.3645423351868414,0
155.32,2528,1,0.8006277684238498,0.6172576469916957,0
2727.31,2289,0,0.5243092101704264,0.20088612009727302,0
279.02,2169,1,0.769464799213528,0.05098105062817382,0
308.22,2916,0,0.8622821368524105,0.8721200333468756,0
554.34,540,0,0.484331641180378,0.23922032287939154,0
206.8,1370,0,0.42249095038768236,0.9363628632405262,0
172.53,2979,1,0.4806428466101761,0.04714404682192519,0
629.22,3256,0,0.5909703758103494,0.6508382101917022,0
249.46,137,0,0.5686349330722286,0.6652425283094616,0
294.38,1721,2,0.7779819054068696,0.15602818968002974,0
281.66,965,1,0.8440645843371727,0.6652320519007898,0
1181.57,613,1,0.5714882705433179,0.3876375774265941,0
515.25,209,0,0.5776301222912833,0.3817689745759012,0
546.52,1964,0,0.3867066175141956,0.877479505270697,0
1282.59,2436,2,0.49363915622884497,0.9524145559191941,1
568.93,1939,0,0.8047683036851678,0.17011393245877515,0
489.76,1345,0,0.6909581929040473,0.6840989951519546,0
1115.99,2815,0,0.8105563804340432,0.15471015571926616,0
1387.17,2380,0,0.8266949183719957,0.03500051097767887,0
565.79,3315,0,0.5938231892711443,0.14953084560069674,0
726.81,1267,1,0.6075382515009707,0.6346558521087087,1
281.47,872,1,0.7729659660931524,0.7264373768549346,1
258.07,1663,0,0.789345446277374,0.5070366637838519,0
1550.08,1850,0,0.6042020375546195,0.9516656496950707,0
1085.11,1672,0,0.6903561925828756,0.7641728716837937,0
1097.54,3038,1,0.9756778316028357,0.16161822369156664,0
905.91,167,0,0.5343992022004526,0.20793760700019337,0
699.82,1926,0,0.9349302543746415,0.5960819573450928,0
1430.89,1570,1,0.8637331742974174,0.33330060358211056,0
1860.54,770,0,0.7251671382861499,0.0008930820490428149,0
1812.3,2340,1,0.7026814395966338,0.02429429370656433,0
595.35,2925,0,0.9669557363400269,0.4080989842371612,0
3058.54,1993,2,0.8824084876953903,0.5236153444920133,1
855.18,310,0,0.7426476393497276,0.6533187457630338,0
1333.57,275,1,0.9138833434683203,0.7631398202107695,0
907.14,1539,0,0.7203207320604571,0.968758873120742,1
872.8,2438,0,0.5461705022282777,0.838865313726017,0
296.09,1144,1,0.6877080364945514,0.3559403695096469,0
1438.69,1128,0,0.7748460798995291,0.5346938373132545,0
15211.76,3139,0,0.7508819915120235,0.2159200134290591,1
440.42,53,0,0.9557165792301208,0.9687531312578934,0
719.17,291,1,0.873407761346512,0.5354429323294904,0
407.15,568,0,0.9270283805626295,0.24967025111122254,0
388.84,3590,1,0.8531834611724183,0.7240437624964876,0
3636.93,1816,0,0.805846563365248,0.48789032396847487,0
317.26,578,0,0.3637409976872805,0.9967250708549834,1
394.85,1133,1,0.7113932299482478,0.07471058679419751,1
116.02,3538,1,0.5894325727199874,0.3354721753429696,1
289.06,2534,0,0.8353328464074072,0.941851894523251,0
101.57,817,0,0.7100941908638566,0.46119993376115753,0
1332.73,879,1,0.7676595665157773,0.3117945202687239,0
14467.6,274,1,0.8103291308109176,0.6048722114096547,1
444.37,2820,0,0.6032104144672392,0.6644935498963291,0
106.33,502,0,0.8325608074144666,0.09280748694426066,0
1790.05,1046,0,0.7099054288166161,0.25938735764965193,0
298.98,1272,2,0.805590215570828,0.3089753084588224,0
2777.43,2266,1,0.6332011707124444,0.24581053234124084,0
487.73,2213,0,0.5177760190078126,0.38287761563765454,0
331.96,2917,2,0.6377828212040151,0.3347084997408186,1
546.89,1085,2,0.5162304163234162,0.7314216478290219,1
1530.81,1407,1,0.5683104889204562,0.5989345047722784,1
517.93,1419,0,0.8542340712064578,0.42919430815205406,0
385.14,171,1,0.8770140434720132,0.2000040222912015,0
534.48,2692,0,0.6289991741623038,0.42063943505846757,0
164.18,1954,0,0.8977623959110647,0.18048402670221408,0
1029.4,1736,0,0.7535748384333795,0.9521458587753618,0
93.19,3633,0,0.6327826774714468,0.17377363063204698,0
408.08,653,0,0.6740170752399857,0.8586773673044568,0
1533.52,3536,0,0.8026082457606816,0.6155807594732238,1
928.3,2483,0,0.8984763524538957,0.8108178381495901,0
1273.28,807,1,0.7860765548789228,0.888561368087372,1
619.21,2476,0,0.4376315388853892,0.8039849479858042,0
2408.41,2758,0,0.8199579250847098,0.5892948961307447,0
1839.35,1323,0,0.4330161247305198,0.2669938623288597,0
1086.54,1259,1,0.4257646869423246,0.6600058638019735,0
1845.12,3048,1,0.3611680225094338,0.004843550906892924,0
1518.48,585,0,0.8481393762340124,0.37746629735917125,0
410.18,49,0,0.8261762122654899,0.8579636879310745,0
151.67,2430,0,0.3272648659928124,0.5805361918497028,0
1056.16,3308,0,0.8621717519695732,0.2606236964282953,0
1212.81,1828,0,0.7948565866875392,0.8921808306904837,0
2207.29,493,1,0.44306954615378435,0.015269059960770992,0
237.47,1968,1,0.9256892821459812,0.8829250779417418,0
245.41,920,0,0.6131098348043242,0.7594542386202581,0
1103.11,3020,1,0.8620067220085511,0.1463762465212295,0
615.06,2234,0,0.8514215328483375,0.06290432137141422,0
83.57,1229,0,0.7194984220514302,0.9512353818825771,0
1004.88,2280,1,0.6804790704242766,0.06703318302376504,0
86.69,2435,3,0.5015674828168541,0.9737616190427607,1
235.15,2477,1,0.9396157683499589,0.4206290386581657,0
2942.01,1337,1,0.6068408663585433,0.3535043234222145,0
4951.11,2083,0,0.5639986845799269,0.650044014492085,0
174.65,156,0,0.8083413888258617,0.49604674425972395,0
462.97,1473,2,0.728109918218603,0.3900477977116027,1
697.07,1380,0,0.7945246491217235,0.6401617375201863,0
4718.99,1952,2,0.7296648273883927,0.3500665349515101,0
386.78,3467,0,0.720328822354821,0.03435369915140063,0
393.64,3480,2,0.8101157803826429,0.824639386346025,0
3654.07,1764,0,0.6944948440032122,0.5146393501502596,1
440.42,2358,0,0.3650880255891107,0.6866845012774525,0
1472.07,395,0,0.8212048036189195,0.5751738851726529,0
130.99,1760,1,0.2954396338044896,0.614192345813591,1
550.95,2510,0,0.4839465136545426,0.21893973295530123,0
107.17,2492,0,0.7378022046430094,0.9346606277646188,0
208.31,3516,2,0.8090052920539875,0.4477227201532361,0
1674.25,1702,1,0.7153948101330351,0.9200967814704778,1
629.61,3314,2,0.7185333582249506,0.8069180221918136,0
468.24,3572,1,0.7749698924913191,0.7200818438061748,0
291.89,2088,1,0.8554113342821523,0.46011786176365654,0
521.8,334,1,0.5984885109941446,0.022643644519567796,0
926.32,1374,0,0.8757762586813662,0.31521214959827404,0
1961.0,2791,0,0.685362400348893,0.6648575925606248,0
37.05,2119,1,0.8733197572061365,0.33065333900222704,0
266.42,3417,1,0.5587025782882237,0.09912736927552779,0
792.35,2978,1,0.8534203649924216,0.5177588050443718,0
596.6,231,1,0.27476993428605284,0.15447954639773498,1
1036.61,3143,0,0.8078899119968995,0.3062205118715611,0
892.74,1305,0,0.530007941887589,0.5019130277122226,1
475.63,2988,1,0.7151402210565665,0.11627982900100287,0
372.58,1853,0,0.8875024470359936,0.11252853830976062,0
507.73,1663,0,0.9288600827457187,0.21008882127639883,0
2353.4,265,2,0.7460955409113285,0.5918056771446413,0
297.31,434,1,0.8886887855143669,0.93319788783443,0
620.74,2173,0,0.7852301687976435,0.23903665441733912,0
813.77,2077,0,0.7823557012789436,0.7198237118107547,0
3701.1,2025,0,0.9613198190859845,0.1893785044142583,0
478.02,571,0,0.7649089085612822,0.6355149836533133,0
1909.67,1861,1,0.778048000416754,0.13771937984291927,0
2579.05,223,0,0.7556667541018799,0.8453810833965169,0
620.09,526,0,0.5762775934529125,0.7425089858114216,0
527.53,1820,0,0.9610032842561212,0.680726444658139,0
463.15,2252,0,0.5424009990289436,0.014661776203388821,0
502.0,2392,0,0.7866021478487073,0.8364098516185701,0
1702.18,3584,0,0.7123443870418598,0.15085051504055336,0
857.58,3117,0,0.89650420817994,0.5334890152910078,0
861.62,1386,2,0.7972224421785936,0.7766616381224039,1
192.92,2857,2,0.8674804496824162,0.6316705168895291,1
229.47,350,1,0.5610268406840757,0.8190247337193742,0
7028.94,3129,0,0.8506518260783507,0.7088521363213985,1
546.97,1411,0,0.7162446025426622,0.7560761254479127,0
283.65,2774,0,0.5448404802412401,0.2987688158688546,0
3210.59,3542,1,0.7602465424852337,0.3791058127707927,0
906.86,2567,2,0.8951334471102582,0.5014529306552323,0
1256.36,3358,0,0.8652952112902487,0.586160745386969,1
571.43,37,0,0.6465342124251298,0.6916710131815671,0
468.46,623,0,0.8118140746377024,0.5555747323573258,0
551.95,2285,2,0.6608075176259016,0.7104572336206232,0
145.33,1973,0,0.7662375878827447,0.15075029760706726,0
603.82,440,1,0.4903993685266361,0.3946466142214202,1
921.16,2622,0,0.34346270425173986,0.9133054443383485,0
5092.43,215,0,0.7290180826219799,0.21695708618087972,0
731.14,3616,0,0.8669527300272059,0.14366086835675607,0
51.03,571,0,0.4394824123927171,0.7448078382521905,0
599.81,1626,1,0.7211415445458468,0.19442914512288023,0
13540.69,3005,0,0.8008390429681772,0.45760952418316625,1
1725.04,1876,1,0.7107570058743314,0.7118316997951107,0
272.6,2715,0,0.9277715330786036,0.4848500854034449,0
1274.38,2568,3,0.5924565306790238,0.9015109749123099,1
294.06,3463,2,0.8724936889896135,0.8781484518000889,1
150.03,1693,0,0.6002910987370916,0.5029505653099964,0
453.41,3573,0,0.7802541833347781,0.9608493645640394,0
735.59,1886,2,0.8242543126471878,0.2917738691141587,1
84.83,3260,0,0.6570599467335259,0.23389194087117604,0
187.9,2674,1,0.206146030755337,0.6702449154334353,0
672.75,486,0,0.8286540875983408,0.5727820791649362,0
424.54,2349,0,0.6075677900562128,0.251106907779703,0
1026.89,3206,0,0.6468541673078574,0.3711314588500396,0
174.84,469,1,0.5784719177094911,0.23302700631496553,0
1459.03,3061,0,0.9335845921466823,0.23697714578537554,0
180.89,385,2,0.7687014153255207,0.36757091818084797,0
4052.17,3179,0,0.8074672754733083,0.9242196850080998,0
100.75,2879,1,0.7618971016940874,0.8348978676382459,1
199.97,554,0,0.5769404018192739,0.5124181851356127,0
1052.69,2651,0,0.7183858173065628,0.4777695138776078,0
4149.14,427,0,0.6965820371204247,0.031478521622398836,0
940.63,2073,1,0.880915635966441,0.4622961651782408,0
1235.39,3371,0,0.8403215670983296,0.623776849231512,0
678.1,752,0,0.8540855633995352,0.7785902070641265,0
215.07,635,0,0.9396802412528567,0.3559796920134912,0
387.94,1544,0,0.821538969315322,0.9193887639484477,0
175.37,1346,1,0.49242774127958394,0.8401927835153289,0
162.95,177,0,0.7129899013072595,0.08223344225894569,0
1034.76,1664,0,0.5419420791572622,0.9029480546018064,0
193.35,948,1,0.5498586480201134,0.22282927768166794,0
945.31,455,2,0.780114177725614,0.923318028251675,0
158.86,1008,1,0.5628252851235284,0.6306798176588683,0
921.52,76,2,0.9603783988112113,0.4119202455925465,0
388.56,3339,1,0.40972971107319456,0.4364511234943712,0
3125.27,3628,0,0.44376055657981167,0.5627886450437494,0
949.65,1342,2,0.544004940246568,0.8438728661336246,1
2589.87,3199,1,0.9298963519343838,0.8369225170336823,1
289.68,1684,0,0.6328733037923344,0.414903056904124,0
707.51,3330,1,0.7384716832286289,0.8490272393880993,0
226.06,632,2,0.7554074864131607,0.4719541053644446,0
422.01,1039,0,0.6759588696116944,0.4175509276826447,0
498.54,2700,0,0.4986702123301969,0.2432534300651661,0
299.33,804,0,0.41318475345235234,0.8279300170143881,1
174.68,3006,0,0.8606174933636885,0.6200635377891291,0
140.49,1554,1,0.9332781097450561,0.43111780664891597,0
50.72,1474,1,0.7699653460020571,0.6623766534785472,0
208.1,1655,0,0.5840422692126611,0.8610119888920778,0
1326.43,2912,1,0.18712028499797811,0.1978238356196943,0
114.62,21,0,0.8424914736203103,0.39244206900031686,1
147.68,2740,1,0.6352491022117067,0.3803003925486613,0
4769.46,2844,0,0.4771312330183575,0.07602185984940879,0
330.25,2997,0,0.9284722504900264,0.3340682545769783,0
946.86,3637,1,0.5838329095940608,0.7617930042126623,1
1348.23,2855,1,0.8984088538998778,0.25334014009459294,0
1378.54,1930,0,0.7407485613480084,0.8109150382401175,0
124.64,1701,1,0.9462009373278639,0.955253564405487,0
515.86,1417,0,0.6739593651970511,0.22397045798853776,0
112.16,3019,0,0.7172625461848312,0.40966629452804937,0
9807.96,1434,0,0.7453376046794606,0.1313340382513425,0
115.08,2090,0,0.7683241607257569,0.6921440821124715,0
210.06,351,0,0.6265177246896478,0.4821999802956415,0
211.74,1158,1,0.7826253287339554,0.588711275601967,0
128.21,972,0,0.5716138649398652,0.7786933398539819,0
2944.97,1588,1,0.9521162342725604,0.7761791090034145,0
9553.79,1833,1,0.344299484929756,0.5159756380117302,1
394.13,2615,0,0.604551798955089,0.8823208157660565,0
155.64,1576,0,0.47577044218473374,0.9319312779276233,0
56.79,549,0,0.5244775194312966,0.6307133075353534,1
508.51,1989,0,0.279432220313375,0.03840640187431621,0
469.65,200,0,0.779898788863687,0.7759657080896254,0
324.92,3099,1,0.7409655949723084,0.8919172102415908,0
848.54,2812,0,0.8532922245332109,0.5566386358427747,0
1027.3,822,1,0.9305452668075682,0.7003578648859919,0
948.98,961,2,0.863840571094531,0.35604424004232205,0
469.78,101,0,0.8954323354160585,0.5021044068728678,0
197.99,1330,0,0.679552604304834,0.7981063836536784,0
1383.56,140,1,0.6115796385357244,0.8759611629161659,1
674.36,3417,1,0.8269008298448766,0.11521626636043725,0
1767.27,490,0,0.8389680750006226,0.017185925392267154,0
1586.18,2407,1,0.8771630249933237,0.37359188225548623,0
139.22,2082,0,0.5989968553619527,0.3909176161195622,0
137.33,865,1,0.8460727591968574,0.7733303754037117,1
289.72,2950,2,0.45351228296608065,0.008597228154158087,0
208.12,398,0,0.6686291444587489,0.7640032503607427,0
1526.57,3236,0,0.8569810888653956,0.5363264438004385,0
978.91,2702,3,0.7592826320792398,0.6978253888646258,1
2228.54,2318,0,0.4557143122216593,0.5092585924258954,1
1028.79,3210,0,0.5278587062128055,0.7907249027428302,0
836.74,1472,0,0.7392594043737136,0.43706938889390445,0
2489.17,1028,1,0.6184474028563748,0.34584085955738064,0
1115.1,564,0,0.6712114112826164,0.6365190517692084,0
716.88,3374,0,0.9607676007911583,0.44444495926131655,0
3389.71,1465,0,0.7343969393468842,0.30342643702403094,1
754.99,3027,0,0.7734755643604044,0.9135464022315022,0
475.91,1213,0,0.8802015026188539,0.7232736057115836,0
264.65,3485,2,0.6843140327886393,0.1968774405726742,0
1441.34,3175,1,0.6829542215425981,0.7401059700504368,0
2593.48,1125,1,0.7776784132673479,0.2523968148557104,0
629.14,1777,1,0.8281794327088359,0.4312733133949127,0
2803.73,2898,0,0.6938799471906184,0.21742203920806968,0
76.17,826,1,0.7496172990446208,0.11329784535821874,0
625.78,87,1,0.6250851437408,0.39906365580706016,0
636.44,1054,0,0.666471815802273,0.5550813952444252,0
298.96,2156,1,0.8464658706804534,0.30212169735956196,0
9156.76,498,0,0.9850566638622898,0.07500299903086649,0
618.43,1217,0,0.6918812503126607,0.24963731093625008,0
424.75,3352,0,0.9372157832167785,0.24565738391260095,0
684.41,274,0,0.6942366700422902,0.5907522093551902,0
73.47,184,0,0.6804543469886584,0.282148678847722,0
288.34,1547,1,0.6618111143644383,0.5337758719094581,0
1961.69,47,1,0.950059074619089,0.4703396311376683,0
333.01,102,0,0.901049833977118,0.2663577920500798,0
267.26,668,2,0.7351034699715214,0.7412171754625083,0
2808.7,374,0,0.9400098389009698,0.6675912207163829,0
2905.26,2959,1,0.4667397578426453,0.6802729631291498,1
1174.61,448,1,0.4134254899462902,0.43358118651855215,0
403.18,1911,2,0.6321583669746109,0.31659634571276185,0
511.11,2574,2,0.9259565493636622,0.5907409907029492,1
274.63,2284,1,0.7701851043631387,0.9590903366514864,0
222.68,2386,0,0.5640854091015479,0.4339601825235455,0
210.85,1306,0,0.6297835100514969,0.6652833708586291,0
337.02,3244,0,0.7571460889640881,0.4423496688422721,0
213.11,251,0,0.27292117763482115,0.9326016603399874,0
119.1,392,0,0.8144607768794357,0.26471668688007244,0
846.7,3125,0,0.5985789840959921,0.4583999450912841,0
860.97,250,3,0.8912169181420464,0.4936522719986882,0
4319.4,701,0,0.8892920425538313,0.7286479814540282,0
318.88,632,1,0.5669311231954008,0.7213088799787698,1
921.23,121,2,0.6684761002463039,0.7394418998846742,1
938.22,427,0,0.8420608017007954,0.7329402452605882,0
503.09,2090,0,0.758326037734048,0.4697582656399978,0
1508.34,2413,0,0.8946368596282078,0.15556449743278278,0
1560.49,304,0,0.836739159748015,0.8704381108808287,0
953.51,3439,1,0.7957581984774372,0.324833204208515,1
502.1,350,0,0.5390812710075978,0.11031806876438133,0
448.86,2507,0,0.5045494343237907,0.1287819705475397,0
147.74,2921,0,0.30165302205382766,0.49475877605475227,0
274.1,1901,0,0.7637055352829257,0.4259339663241827,0
335.56,1794,1,0.8702205886023165,0.6635266442516616,0
193.18,398,1,0.8860904115374459,0.6118655255750748,1
1079.14,882,0,0.5801460556652281,0.10741196061569935,0
2480.69,3104,2,0.849504360356755,0.2967487564949969,0
244.97,1273,0,0.6993875338529041,0.8962547981931245,0
908.49,126,1,0.9345944288332501,0.7666826426836945,0
213.25,2662,0,0.7469158980449891,0.8705412025943691,0
475.6,2495,1,0.5132630760897928,0.02198762264360221,0
311.26,243,1,0.8610657768925422,0.9120886956177368,1
1289.6,187,0,0.9182115037527654,0.8610780184858082,0
315.24,426,0,0.5540219592184876,0.45227712383692953,0
2023.99,186,2,0.7435858469334209,0.673588037521129,0
507.61,2249,0,0.7195905767144386,0.2719936131713513,0
325.52,484,0,0.8315791216901266,0.6585882140500087,0
167.56,2215,0,0.7879869282813393,0.7987712592456803,0
